round,method,score,best_score,params,controller_values,controller_counts
0,random,0.9571637234596494,-1,"{'n_estimators': 50, 'max_depth': 20}","{'random': np.float64(0.9571637234596494), 'optuna': 0.0}","{'random': 1, 'optuna': 0}"
1,optuna,0.9515211071345949,0.9571637234596494,"{'n_estimators': 177, 'max_depth': 15}","{'random': np.float64(0.9571637234596494), 'optuna': 0.9515211071345949}","{'random': 1, 'optuna': 1}"
2,random,0.9567664575870509,0.9571637234596494,"{'n_estimators': 100, 'max_depth': 20}","{'random': np.float64(0.9569650905233502), 'optuna': 0.9515211071345949}","{'random': 2, 'optuna': 1}"
3,random,0.9570391088162172,0.9571637234596494,"{'n_estimators': 50, 'max_depth': 10}","{'random': np.float64(0.9569897632876392), 'optuna': 0.9515211071345949}","{'random': 3, 'optuna': 1}"
4,random,0.9568428418108144,0.9571637234596494,"{'n_estimators': 100, 'max_depth': 10}","{'random': np.float64(0.956953032918433), 'optuna': 0.9515211071345949}","{'random': 4, 'optuna': 1}"
0,random,0.9543781124619448,-1,"{'n_estimators': 50, 'max_depth': None}","{'random': np.float64(0.9543781124619448), 'optuna': 0.0}","{'random': 1, 'optuna': 0}"
1,optuna,0.9515095984375481,0.9543781124619448,"{'n_estimators': 77, 'max_depth': 18}","{'random': np.float64(0.9543781124619448), 'optuna': 0.9515095984375481}","{'random': 1, 'optuna': 1}"
2,random,0.9542556413079567,0.9543781124619448,"{'n_estimators': 150, 'max_depth': 5}","{'random': np.float64(0.9543168768849508), 'optuna': 0.9515095984375481}","{'random': 2, 'optuna': 1}"
3,random,0.9515842258998802,0.9543781124619448,"{'n_estimators': 100, 'max_depth': None}","{'random': np.float64(0.9534059932232606), 'optuna': 0.9515095984375481}","{'random': 3, 'optuna': 1}"
4,random,0.9486850948987589,0.9543781124619448,"{'n_estimators': 50, 'max_depth': None}","{'random': np.float64(0.9522257686421352), 'optuna': 0.9515095984375481}","{'random': 4, 'optuna': 1}"
0,random,0.9488912009898437,-1,"{'n_estimators': 150, 'max_depth': 10}","{'random': np.float64(0.9488912009898437), 'optuna': 0.0}","{'random': 1, 'optuna': 0}"
0,random,0.9515842258998802,-1,"{'n_estimators': 150, 'max_depth': None}","{'random': np.float64(0.9515842258998802), 'optuna': 0.0}","{'random': 1, 'optuna': 0}"
1,optuna,0.9543735464827682,0.9515842258998802,"{'n_estimators': 53, 'max_depth': 12}","{'random': np.float64(0.9515842258998802), 'optuna': 0.9543735464827682}","{'random': 1, 'optuna': 1}"
2,random,0.9514230721634144,0.9543735464827682,"{'n_estimators': 150, 'max_depth': 20}","{'random': np.float64(0.9515036490316473), 'optuna': 0.9543735464827682}","{'random': 2, 'optuna': 1}"
3,random,0.9542317361635696,0.9543735464827682,"{'n_estimators': 50, 'max_depth': 20}","{'random': np.float64(0.9524130114089547), 'optuna': 0.9543735464827682}","{'random': 3, 'optuna': 1}"
4,random,0.9513965266533856,0.9543735464827682,"{'n_estimators': 100, 'max_depth': None}","{'random': np.float64(0.9521588902200624), 'optuna': 0.9543735464827682}","{'random': 4, 'optuna': 1}"
0,random,0.9512736564233547,-1,"{'n_estimators': 50, 'max_depth': None}","{'random': np.float64(0.9512736564233547), 'optuna': 0.0}","{'random': 1, 'optuna': 0}"
1,optuna,0.9515095984375481,0.9512736564233547,"{'n_estimators': 95, 'max_depth': 12}","{'random': np.float64(0.9512736564233547), 'optuna': 0.9515095984375481}","{'random': 1, 'optuna': 1}"
2,random,0.9541041633003623,0.9515095984375481,"{'n_estimators': 50, 'max_depth': None}","{'random': np.float64(0.9526889098618585), 'optuna': 0.9515095984375481}","{'random': 2, 'optuna': 1}"
3,random,0.956943113127163,0.9541041633003623,"{'n_estimators': 100, 'max_depth': 20}","{'random': np.float64(0.95410697761696), 'optuna': 0.9515095984375481}","{'random': 3, 'optuna': 1}"
4,random,0.9516720554943054,0.956943113127163,"{'n_estimators': 50, 'max_depth': None}","{'random': np.float64(0.9534982470862963), 'optuna': 0.9515095984375481}","{'random': 4, 'optuna': 1}"
0,random,0.9574467370984218,-1,"{'n_estimators': 150, 'max_depth': 20}","{'random': np.float64(0.9574467370984218), 'optuna': 0.0}","{'random': 1, 'optuna': 0}"
1,optuna,0.9547776197463261,0.9574467370984218,"{'n_estimators': 133, 'max_depth': 15}","{'random': np.float64(0.9574467370984218), 'optuna': 0.9547776197463261}","{'random': 1, 'optuna': 1}"
2,random,0.9597713023456338,0.9574467370984218,"{'n_estimators': 100, 'max_depth': None}","{'random': np.float64(0.9586090197220278), 'optuna': 0.9547776197463261}","{'random': 2, 'optuna': 1}"
3,random,0.9572978791453509,0.9597713023456338,"{'n_estimators': 100, 'max_depth': 10}","{'random': np.float64(0.9581719728631355), 'optuna': 0.9547776197463261}","{'random': 3, 'optuna': 1}"
4,random,0.9597713023456338,0.9597713023456338,"{'n_estimators': 50, 'max_depth': 20}","{'random': np.float64(0.9585718052337601), 'optuna': 0.9547776197463261}","{'random': 4, 'optuna': 1}"
0,random,0.959581547329074,-1,"{'n_estimators': 50, 'max_depth': 20}","{'random': np.float64(0.9191630946581479), 'optuna': 0.0, 'sh': 0.0, 'hb': 0.0}","{'random': 1, 'optuna': 0, 'sh': 0, 'hb': 0}"
1,optuna,0.9548572236150145,0.959581547329074,"{'n_estimators': 144, 'max_depth': 17}","{'random': np.float64(0.9191630946581479), 'optuna': 0.9097144472300289, 'sh': 0.0, 'hb': 0.0}","{'random': 1, 'optuna': 1, 'sh': 0, 'hb': 0}"
2,sh,0.9705886228250952,0.959581547329074,"{'n_estimators': 50, 'max_depth': 20}","{'random': np.float64(0.9191630946581479), 'optuna': 0.9097144472300289, 'sh': np.float64(0.9411772456501903), 'hb': 0.0}","{'random': 1, 'optuna': 1, 'sh': 1, 'hb': 0}"
0,random,0.9547776197463261,-1,"{'n_estimators': 100, 'max_depth': None}","{'random': np.float64(0.9095552394926523), 'optuna': 0.0, 'sh': 0.0, 'hb': 0.0}","{'random': 1, 'optuna': 0, 'sh': 0, 'hb': 0}"
1,optuna,0.9596446416560066,0.9547776197463261,"{'n_estimators': 101, 'max_depth': 12}","{'random': np.float64(0.9095552394926523), 'optuna': 0.9192892833120132, 'sh': 0.0, 'hb': 0.0}","{'random': 1, 'optuna': 1, 'sh': 0, 'hb': 0}"
2,sh,0.9763624800825129,0.9596446416560066,"{'n_estimators': 100, 'max_depth': 20}","{'random': np.float64(0.9095552394926523), 'optuna': 0.9192892833120132, 'sh': np.float64(0.9527249601650258), 'hb': 0.0}","{'random': 1, 'optuna': 1, 'sh': 1, 'hb': 0}"
3,hb,0.954889501661182,0.9763624800825129,"{'n_estimators': 249, 'max_depth': 13}","{'random': np.float64(0.9095552394926523), 'optuna': 0.9192892833120132, 'sh': np.float64(0.9527249601650258), 'hb': np.float64(0.909779003322364)}","{'random': 1, 'optuna': 1, 'sh': 1, 'hb': 1}"
4,sh,0.9634752747252747,0.9763624800825129,"{'n_estimators': 300, 'max_depth': 20}","{'random': np.float64(0.9095552394926523), 'optuna': 0.9192892833120132, 'sh': np.float64(0.9398377548077876), 'hb': np.float64(0.909779003322364)}","{'random': 1, 'optuna': 1, 'sh': 2, 'hb': 1}"
5,sh,0.9577014174678569,0.9763624800825129,"{'n_estimators': 300, 'max_depth': 20}","{'random': np.float64(0.9095552394926523), 'optuna': 0.9192892833120132, 'sh': np.float64(0.9316927815170963), 'hb': np.float64(0.909779003322364)}","{'random': 1, 'optuna': 1, 'sh': 3, 'hb': 1}"
6,random,0.9573597639841961,0.9763624800825129,"{'n_estimators': 150, 'max_depth': 10}","{'random': np.float64(0.9121373837305222), 'optuna': 0.9192892833120132, 'sh': np.float64(0.9316927815170963), 'hb': np.float64(0.909779003322364)}","{'random': 2, 'optuna': 1, 'sh': 3, 'hb': 1}"
7,sh,0.9648248822383805,0.9763624800825129,"{'n_estimators': 100, 'max_depth': 20}","{'random': np.float64(0.9121373837305222), 'optuna': 0.9192892833120132, 'sh': np.float64(0.9311820272570125), 'hb': np.float64(0.909779003322364)}","{'random': 2, 'optuna': 1, 'sh': 4, 'hb': 1}"
8,sh,0.9634651580545717,0.9763624800825129,"{'n_estimators': 300, 'max_depth': 20}","{'random': np.float64(0.9121373837305222), 'optuna': 0.9192892833120132, 'sh': np.float64(0.9303316850274387), 'hb': np.float64(0.909779003322364)}","{'random': 2, 'optuna': 1, 'sh': 5, 'hb': 1}"
9,sh,0.9634752747252747,0.9763624800825129,"{'n_estimators': 300, 'max_depth': 15}","{'random': np.float64(0.9121373837305222), 'optuna': 0.9192892833120132, 'sh': np.float64(0.9297681624312905), 'hb': np.float64(0.909779003322364)}","{'random': 2, 'optuna': 1, 'sh': 6, 'hb': 1}"
10,sh,0.9634752747252747,0.9763624800825129,"{'n_estimators': 300, 'max_depth': 15}","{'random': np.float64(0.9121373837305222), 'optuna': 0.9192892833120132, 'sh': np.float64(0.9293656462911846), 'hb': np.float64(0.909779003322364)}","{'random': 2, 'optuna': 1, 'sh': 7, 'hb': 1}"
11,random,0.9550151998222445,0.9763624800825129,"{'n_estimators': 150, 'max_depth': 10}","{'random': np.float64(0.9114350557018445), 'optuna': 0.9192892833120132, 'sh': np.float64(0.9293656462911846), 'hb': np.float64(0.909779003322364)}","{'random': 3, 'optuna': 1, 'sh': 7, 'hb': 1}"
12,sh,0.9634752747252747,0.9763624800825129,"{'n_estimators': 100, 'max_depth': 15}","{'random': np.float64(0.9114350557018445), 'optuna': 0.9192892833120132, 'sh': np.float64(0.9290637591861052), 'hb': np.float64(0.909779003322364)}","{'random': 3, 'optuna': 1, 'sh': 8, 'hb': 1}"
13,sh,0.9578799888964283,0.9763624800825129,"{'n_estimators': 100, 'max_depth': 15}","{'random': np.float64(0.9114350557018445), 'optuna': 0.9192892833120132, 'sh': np.float64(0.927585561253522), 'hb': np.float64(0.909779003322364)}","{'random': 3, 'optuna': 1, 'sh': 9, 'hb': 1}"
14,sh,0.9634752747252747,0.9763624800825129,"{'n_estimators': 200, 'max_depth': 15}","{'random': np.float64(0.9114350557018445), 'optuna': 0.9192892833120132, 'sh': np.float64(0.9275220600732247), 'hb': np.float64(0.909779003322364)}","{'random': 3, 'optuna': 1, 'sh': 10, 'hb': 1}"
15,sh,0.9577014174678569,0.9763624800825129,"{'n_estimators': 200, 'max_depth': 20}","{'random': np.float64(0.9114350557018445), 'optuna': 0.9192892833120132, 'sh': np.float64(0.926420312333451), 'hb': np.float64(0.909779003322364)}","{'random': 3, 'optuna': 1, 'sh': 11, 'hb': 1}"
0,random,0.9572936120485629,-1,"{'n_estimators': 50, 'max_depth': None}","{'random': np.float64(0.9145872240971258), 'optuna': 0.0, 'sh': 0.0, 'hb': 0.0}","{'random': 1, 'optuna': 0, 'sh': 0, 'hb': 0}"
1,optuna,0.9597196111802485,0.9572936120485629,"{'n_estimators': 77, 'max_depth': 20}","{'random': np.float64(0.9145872240971258), 'optuna': 0.919439222360497, 'sh': 0.0, 'hb': 0.0}","{'random': 1, 'optuna': 1, 'sh': 0, 'hb': 0}"
2,sh,0.9532771677235449,0.9597196111802485,"{'n_estimators': 100, 'max_depth': 20}","{'random': np.float64(0.9145872240971258), 'optuna': 0.919439222360497, 'sh': np.float64(0.9065543354470897), 'hb': 0.0}","{'random': 1, 'optuna': 1, 'sh': 1, 'hb': 0}"
3,hb,0.9595327334090987,0.9597196111802485,"{'n_estimators': 78, 'max_depth': 18}","{'random': np.float64(0.9145872240971258), 'optuna': 0.919439222360497, 'sh': np.float64(0.9065543354470897), 'hb': np.float64(0.9190654668181975)}","{'random': 1, 'optuna': 1, 'sh': 1, 'hb': 1}"
4,sh,0.9692390153119893,0.9597196111802485,"{'n_estimators': 100, 'max_depth': 20}","{'random': np.float64(0.9145872240971258), 'optuna': 0.919439222360497, 'sh': np.float64(0.9225161830355342), 'hb': np.float64(0.9190654668181975)}","{'random': 1, 'optuna': 1, 'sh': 2, 'hb': 1}"
5,random,0.9572978791453509,0.9692390153119893,"{'n_estimators': 50, 'max_depth': None}","{'random': np.float64(0.9145914911939138), 'optuna': 0.919439222360497, 'sh': np.float64(0.9225161830355342), 'hb': np.float64(0.9190654668181975)}","{'random': 2, 'optuna': 1, 'sh': 2, 'hb': 1}"
6,sh,0.9634752747252747,0.9692390153119893,"{'n_estimators': 300, 'max_depth': 15}","{'random': np.float64(0.9145914911939138), 'optuna': 0.919439222360497, 'sh': np.float64(0.9239943051738726), 'hb': np.float64(0.9190654668181975)}","{'random': 2, 'optuna': 1, 'sh': 3, 'hb': 1}"
7,sh,0.9634752747252747,0.9692390153119893,"{'n_estimators': 300, 'max_depth': 15}","{'random': np.float64(0.9145914911939138), 'optuna': 0.919439222360497, 'sh': np.float64(0.9247333662430418), 'hb': np.float64(0.9190654668181975)}","{'random': 2, 'optuna': 1, 'sh': 4, 'hb': 1}"
8,sh,0.9634651580545717,0.9692390153119893,"{'n_estimators': 200, 'max_depth': 20}","{'random': np.float64(0.9145914911939138), 'optuna': 0.919439222360497, 'sh': np.float64(0.9251727562162622), 'hb': np.float64(0.9190654668181975)}","{'random': 2, 'optuna': 1, 'sh': 5, 'hb': 1}"
9,sh,0.9520467032967034,0.9692390153119893,"{'n_estimators': 200, 'max_depth': 15}","{'random': np.float64(0.9145914911939138), 'optuna': 0.919439222360497, 'sh': np.float64(0.9216595312791196), 'hb': np.float64(0.9190654668181975)}","{'random': 2, 'optuna': 1, 'sh': 6, 'hb': 1}"
0,random,0.9766006603817431,-1,"{'n_estimators': 150, 'max_depth': None}","{'random': np.float64(0.9532013207634862), 'optuna': 0.0, 'sh': 0.0, 'hb': 0.0}","{'random': 1, 'optuna': 0, 'sh': 0, 'hb': 0}"
1,optuna,0.9630939849020285,0.9766006603817431,"{'n_estimators': 190, 'max_depth': 20}","{'random': np.float64(0.9532013207634862), 'optuna': 0.9261879698040569, 'sh': 0.0, 'hb': 0.0}","{'random': 1, 'optuna': 1, 'sh': 0, 'hb': 0}"
2,sh,0.9531352336516731,0.9766006603817431,"{'n_estimators': 200, 'max_depth': 20}","{'random': np.float64(0.9532013207634862), 'optuna': 0.9261879698040569, 'sh': np.float64(0.9062704673033461), 'hb': 0.0}","{'random': 1, 'optuna': 1, 'sh': 1, 'hb': 0}"
3,hb,0.9651680284841552,0.9766006603817431,"{'n_estimators': 232, 'max_depth': 18}","{'random': np.float64(0.9532013207634862), 'optuna': 0.9261879698040569, 'sh': np.float64(0.9062704673033461), 'hb': np.float64(0.9303360569683103)}","{'random': 1, 'optuna': 1, 'sh': 1, 'hb': 1}"
4,sh,0.9603325125632377,0.9766006603817431,"{'n_estimators': 200, 'max_depth': 20}","{'random': np.float64(0.9532013207634862), 'optuna': 0.9261879698040569, 'sh': np.float64(0.9134677462149108), 'hb': np.float64(0.9303360569683103)}","{'random': 1, 'optuna': 1, 'sh': 2, 'hb': 1}"
5,sh,0.9466072974644403,0.9766006603817431,"{'n_estimators': 50, 'max_depth': 20}","{'random': np.float64(0.9532013207634862), 'optuna': 0.9261879698040569, 'sh': np.float64(0.906716695786234), 'hb': np.float64(0.9303360569683103)}","{'random': 1, 'optuna': 1, 'sh': 3, 'hb': 1}"
6,sh,0.9394100185528756,0.9766006603817431,"{'n_estimators': 50, 'max_depth': 20}","{'random': np.float64(0.9532013207634862), 'optuna': 0.9261879698040569, 'sh': np.float64(0.8997425311161134), 'hb': np.float64(0.9303360569683103)}","{'random': 1, 'optuna': 1, 'sh': 4, 'hb': 1}"
7,sh,0.9590292116846738,0.9766006603817431,"{'n_estimators': 200, 'max_depth': 20}","{'random': np.float64(0.9532013207634862), 'optuna': 0.9261879698040569, 'sh': np.float64(0.9034057095667603), 'hb': np.float64(0.9303360569683103)}","{'random': 1, 'optuna': 1, 'sh': 5, 'hb': 1}"
8,sh,0.9590292116846738,0.9766006603817431,"{'n_estimators': 50, 'max_depth': 20}","{'random': np.float64(0.9532013207634862), 'optuna': 0.9261879698040569, 'sh': np.float64(0.9058478285338581), 'hb': np.float64(0.9303360569683103)}","{'random': 1, 'optuna': 1, 'sh': 6, 'hb': 1}"
9,sh,0.9441601061477222,0.9766006603817431,"{'n_estimators': 300, 'max_depth': 20}","{'random': np.float64(0.9532013207634862), 'optuna': 0.9261879698040569, 'sh': np.float64(0.9033438833569419), 'hb': np.float64(0.9303360569683103)}","{'random': 1, 'optuna': 1, 'sh': 7, 'hb': 1}"
0,random,0.9583368809422449,-1,"{'n_estimators': 150, 'max_depth': 20}","{'random': np.float64(0.9166737618844898), 'optuna': 0.0, 'sh': 0.0, 'hb': 0.0}","{'random': 1, 'optuna': 0, 'sh': 0, 'hb': 0}"
1,optuna,0.9583368809422449,0.9583368809422449,"{'n_estimators': 175, 'max_depth': 8}","{'random': np.float64(0.9166737618844898), 'optuna': 0.9166737618844898, 'sh': 0.0, 'hb': 0.0}","{'random': 1, 'optuna': 1, 'sh': 0, 'hb': 0}"
2,sh,0.9437037037037037,0.9583368809422449,"{'n_estimators': 50, 'max_depth': 15}","{'random': np.float64(0.9166737618844898), 'optuna': 0.9166737618844898, 'sh': np.float64(0.8874074074074074), 'hb': 0.0}","{'random': 1, 'optuna': 1, 'sh': 1, 'hb': 0}"
3,hb,0.9583368809422449,0.9583368809422449,"{'n_estimators': 280, 'max_depth': 5}","{'random': np.float64(0.9166737618844898), 'optuna': 0.9166737618844898, 'sh': np.float64(0.8874074074074074), 'hb': np.float64(0.9166737618844898)}","{'random': 1, 'optuna': 1, 'sh': 1, 'hb': 1}"
4,random,0.9583368809422449,0.9583368809422449,"{'n_estimators': 50, 'max_depth': 5}","{'random': np.float64(0.9166737618844898), 'optuna': 0.9166737618844898, 'sh': np.float64(0.8874074074074074), 'hb': np.float64(0.9166737618844898)}","{'random': 2, 'optuna': 1, 'sh': 1, 'hb': 1}"
5,sh,0.9545817145817146,0.9583368809422449,"{'n_estimators': 100, 'max_depth': 15}","{'random': np.float64(0.9166737618844898), 'optuna': 0.9166737618844898, 'sh': np.float64(0.8982854182854183), 'hb': np.float64(0.9166737618844898)}","{'random': 2, 'optuna': 1, 'sh': 2, 'hb': 1}"
6,random,0.9583368809422449,0.9583368809422449,"{'n_estimators': 50, 'max_depth': None}","{'random': np.float64(0.9166737618844898), 'optuna': 0.9166737618844898, 'sh': np.float64(0.8982854182854183), 'hb': np.float64(0.9166737618844898)}","{'random': 3, 'optuna': 1, 'sh': 2, 'hb': 1}"
7,sh,0.9437037037037037,0.9583368809422449,"{'n_estimators': 50, 'max_depth': 15}","{'random': np.float64(0.9166737618844898), 'optuna': 0.9166737618844898, 'sh': np.float64(0.8946594146594147), 'hb': np.float64(0.9166737618844898)}","{'random': 3, 'optuna': 1, 'sh': 3, 'hb': 1}"
8,random,0.9583368809422449,0.9583368809422449,"{'n_estimators': 100, 'max_depth': 10}","{'random': np.float64(0.9166737618844898), 'optuna': 0.9166737618844898, 'sh': np.float64(0.8946594146594147), 'hb': np.float64(0.9166737618844898)}","{'random': 4, 'optuna': 1, 'sh': 3, 'hb': 1}"
9,random,0.9583368809422449,0.9583368809422449,"{'n_estimators': 50, 'max_depth': 20}","{'random': np.float64(0.9166737618844898), 'optuna': 0.9166737618844898, 'sh': np.float64(0.8946594146594147), 'hb': np.float64(0.9166737618844898)}","{'random': 5, 'optuna': 1, 'sh': 3, 'hb': 1}"
0,random,0.28086013523829095,-1,"{'n_estimators': 150, 'max_depth': None}","{'random': np.float64(-0.4382797295234181), 'optuna': 0.0, 'sh': 0.0, 'hb': 0.0}","{'random': 1, 'optuna': 0, 'sh': 0, 'hb': 0}"
1,optuna,0.25016158314194353,0.28086013523829095,"{'n_estimators': 126, 'max_depth': 19}","{'random': np.float64(-0.4382797295234181), 'optuna': -0.49967683371611293, 'sh': 0.0, 'hb': 0.0}","{'random': 1, 'optuna': 1, 'sh': 0, 'hb': 0}"
2,sh,0.18176896429139683,0.28086013523829095,"{'n_estimators': 50, 'max_depth': 20}","{'random': np.float64(-0.4382797295234181), 'optuna': -0.49967683371611293, 'sh': np.float64(-0.6364620714172063), 'hb': 0.0}","{'random': 1, 'optuna': 1, 'sh': 1, 'hb': 0}"
3,hb,0.24441311064323912,0.28086013523829095,"{'n_estimators': 229, 'max_depth': 18}","{'random': np.float64(-0.4382797295234181), 'optuna': -0.49967683371611293, 'sh': np.float64(-0.6364620714172063), 'hb': np.float64(-0.5111737787135218)}","{'random': 1, 'optuna': 1, 'sh': 1, 'hb': 1}"
4,random,0.22219108973116244,0.28086013523829095,"{'n_estimators': 100, 'max_depth': None}","{'random': np.float64(-0.49694877503054663), 'optuna': -0.49967683371611293, 'sh': np.float64(-0.6364620714172063), 'hb': np.float64(-0.5111737787135218)}","{'random': 2, 'optuna': 1, 'sh': 1, 'hb': 1}"
5,random,0.23433954269361204,0.28086013523829095,"{'n_estimators': 150, 'max_depth': None}","{'random': np.float64(-0.5084061548912897), 'optuna': -0.49967683371611293, 'sh': np.float64(-0.6364620714172063), 'hb': np.float64(-0.5111737787135218)}","{'random': 3, 'optuna': 1, 'sh': 1, 'hb': 1}"
6,random,0.25881984231303407,0.28086013523829095,"{'n_estimators': 50, 'max_depth': None}","{'random': np.float64(-0.5018946950119503), 'optuna': -0.49967683371611293, 'sh': np.float64(-0.6364620714172063), 'hb': np.float64(-0.5111737787135218)}","{'random': 4, 'optuna': 1, 'sh': 1, 'hb': 1}"
7,random,0.2505653632516838,0.28086013523829095,"{'n_estimators': 50, 'max_depth': 20}","{'random': np.float64(-0.5012896107088867), 'optuna': -0.49967683371611293, 'sh': np.float64(-0.6364620714172063), 'hb': np.float64(-0.5111737787135218)}","{'random': 5, 'optuna': 1, 'sh': 1, 'hb': 1}"
8,sh,0.19439744005655896,0.28086013523829095,"{'n_estimators': 50, 'max_depth': 20}","{'random': np.float64(-0.5012896107088867), 'optuna': -0.49967683371611293, 'sh': np.float64(-0.6238335956520442), 'hb': np.float64(-0.5111737787135218)}","{'random': 5, 'optuna': 1, 'sh': 2, 'hb': 1}"
9,random,0.2809086745679617,0.28086013523829095,"{'n_estimators': 100, 'max_depth': None}","{'random': np.float64(-0.49077178406808497), 'optuna': -0.49967683371611293, 'sh': np.float64(-0.6238335956520442), 'hb': np.float64(-0.5111737787135218)}","{'random': 6, 'optuna': 1, 'sh': 2, 'hb': 1}"
0,random,0.9583368809422449,-1,"{'n_estimators': 50, 'max_depth': 20, 'criterion': 'entropy'}","{'rf_random': np.float64(0.9166737618844898), 'rf_optuna': 0.0, 'rf_sh': 0.0, 'rf_hb': 0.0, 'svm_random': 0.0, 'svm_optuna': 0.0, 'svm_sh': 0.0, 'svm_hb': 0.0}","{'rf_random': 1, 'rf_optuna': 0, 'rf_sh': 0, 'rf_hb': 0, 'svm_random': 0, 'svm_optuna': 0, 'svm_sh': 0, 'svm_hb': 0}"
1,optuna,0.9587571049640015,0.9583368809422449,"{'n_estimators': 83, 'max_depth': 19, 'criterion': 'entropy'}","{'rf_random': np.float64(0.9166737618844898), 'rf_optuna': 0.9175142099280029, 'rf_sh': 0.0, 'rf_hb': 0.0, 'svm_random': 0.0, 'svm_optuna': 0.0, 'svm_sh': 0.0, 'svm_hb': 0.0}","{'rf_random': 1, 'rf_optuna': 1, 'rf_sh': 0, 'rf_hb': 0, 'svm_random': 0, 'svm_optuna': 0, 'svm_sh': 0, 'svm_hb': 0}"
2,sh,0.9545817145817146,0.9587571049640015,"{'n_estimators': 200, 'max_depth': 5, 'criterion': 'entropy'}","{'rf_random': np.float64(0.9166737618844898), 'rf_optuna': 0.9175142099280029, 'rf_sh': np.float64(0.9091634291634292), 'rf_hb': 0.0, 'svm_random': 0.0, 'svm_optuna': 0.0, 'svm_sh': 0.0, 'svm_hb': 0.0}","{'rf_random': 1, 'rf_optuna': 1, 'rf_sh': 1, 'rf_hb': 0, 'svm_random': 0, 'svm_optuna': 0, 'svm_sh': 0, 'svm_hb': 0}"
3,hb,0.9583368809422449,0.9587571049640015,"{'n_estimators': 108, 'max_depth': 13, 'criterion': np.str_('gini')}","{'rf_random': np.float64(0.9166737618844898), 'rf_optuna': 0.9175142099280029, 'rf_sh': np.float64(0.9091634291634292), 'rf_hb': np.float64(0.9166737618844898), 'svm_random': 0.0, 'svm_optuna': 0.0, 'svm_sh': 0.0, 'svm_hb': 0.0}","{'rf_random': 1, 'rf_optuna': 1, 'rf_sh': 1, 'rf_hb': 1, 'svm_random': 0, 'svm_optuna': 0, 'svm_sh': 0, 'svm_hb': 0}"
4,random,0.966680950665625,0.9587571049640015,"{'kernel': 'linear', 'C': 0.1}","{'rf_random': np.float64(0.9166737618844898), 'rf_optuna': 0.9175142099280029, 'rf_sh': np.float64(0.9091634291634292), 'rf_hb': np.float64(0.9166737618844898), 'svm_random': np.float64(0.93336190133125), 'svm_optuna': 0.0, 'svm_sh': 0.0, 'svm_hb': 0.0}","{'rf_random': 1, 'rf_optuna': 1, 'rf_sh': 1, 'rf_hb': 1, 'svm_random': 1, 'svm_optuna': 0, 'svm_sh': 0, 'svm_hb': 0}"
5,optuna,0.9583368809422449,0.966680950665625,"{'C': 0.14303921478742737, 'kernel': 'linear'}","{'rf_random': np.float64(0.9166737618844898), 'rf_optuna': 0.9175142099280029, 'rf_sh': np.float64(0.9091634291634292), 'rf_hb': np.float64(0.9166737618844898), 'svm_random': np.float64(0.93336190133125), 'svm_optuna': 0.9166737618844898, 'svm_sh': 0.0, 'svm_hb': 0.0}","{'rf_random': 1, 'rf_optuna': 1, 'rf_sh': 1, 'rf_hb': 1, 'svm_random': 1, 'svm_optuna': 1, 'svm_sh': 0, 'svm_hb': 0}"
6,sh,0.9664335664335664,0.966680950665625,"{'kernel': 'linear', 'C': 1}","{'rf_random': np.float64(0.9166737618844898), 'rf_optuna': 0.9175142099280029, 'rf_sh': np.float64(0.9091634291634292), 'rf_hb': np.float64(0.9166737618844898), 'svm_random': np.float64(0.93336190133125), 'svm_optuna': 0.9166737618844898, 'svm_sh': np.float64(0.9328671328671327), 'svm_hb': 0.0}","{'rf_random': 1, 'rf_optuna': 1, 'rf_sh': 1, 'rf_hb': 1, 'svm_random': 1, 'svm_optuna': 1, 'svm_sh': 1, 'svm_hb': 0}"
7,hb,0.9666127430112104,0.966680950665625,"{'C': 0.5738726472772443, 'kernel': np.str_('linear')}","{'rf_random': np.float64(0.9166737618844898), 'rf_optuna': 0.9175142099280029, 'rf_sh': np.float64(0.9091634291634292), 'rf_hb': np.float64(0.9166737618844898), 'svm_random': np.float64(0.93336190133125), 'svm_optuna': 0.9166737618844898, 'svm_sh': np.float64(0.9328671328671327), 'svm_hb': np.float64(0.9332254860224207)}","{'rf_random': 1, 'rf_optuna': 1, 'rf_sh': 1, 'rf_hb': 1, 'svm_random': 1, 'svm_optuna': 1, 'svm_sh': 1, 'svm_hb': 1}"
8,random,0.966680950665625,0.966680950665625,"{'kernel': 'linear', 'C': 0.1}","{'rf_random': np.float64(0.9166737618844898), 'rf_optuna': 0.9175142099280029, 'rf_sh': np.float64(0.9091634291634292), 'rf_hb': np.float64(0.9166737618844898), 'svm_random': np.float64(0.93336190133125), 'svm_optuna': 0.9166737618844898, 'svm_sh': np.float64(0.9328671328671327), 'svm_hb': np.float64(0.9332254860224207)}","{'rf_random': 1, 'rf_optuna': 1, 'rf_sh': 1, 'rf_hb': 1, 'svm_random': 2, 'svm_optuna': 1, 'svm_sh': 1, 'svm_hb': 1}"
9,hb,0.966680950665625,0.966680950665625,"{'C': 0.11769827727593651, 'kernel': np.str_('linear')}","{'rf_random': np.float64(0.9166737618844898), 'rf_optuna': 0.9175142099280029, 'rf_sh': np.float64(0.9091634291634292), 'rf_hb': np.float64(0.9166737618844898), 'svm_random': np.float64(0.93336190133125), 'svm_optuna': 0.9166737618844898, 'svm_sh': np.float64(0.9328671328671327), 'svm_hb': np.float64(0.9332936936768353)}","{'rf_random': 1, 'rf_optuna': 1, 'rf_sh': 1, 'rf_hb': 1, 'svm_random': 2, 'svm_optuna': 1, 'svm_sh': 1, 'svm_hb': 2}"
10,sh,0.9664335664335664,0.966680950665625,"{'kernel': 'linear', 'C': 1}","{'rf_random': np.float64(0.9166737618844898), 'rf_optuna': 0.9175142099280029, 'rf_sh': np.float64(0.9091634291634292), 'rf_hb': np.float64(0.9166737618844898), 'svm_random': np.float64(0.93336190133125), 'svm_optuna': 0.9166737618844898, 'svm_sh': np.float64(0.9328671328671327), 'svm_hb': np.float64(0.9332936936768353)}","{'rf_random': 1, 'rf_optuna': 1, 'rf_sh': 1, 'rf_hb': 1, 'svm_random': 2, 'svm_optuna': 1, 'svm_sh': 2, 'svm_hb': 2}"
11,random,0.966680950665625,0.966680950665625,"{'kernel': 'linear', 'C': 0.1}","{'rf_random': np.float64(0.9166737618844898), 'rf_optuna': 0.9175142099280029, 'rf_sh': np.float64(0.9091634291634292), 'rf_hb': np.float64(0.9166737618844898), 'svm_random': np.float64(0.93336190133125), 'svm_optuna': 0.9166737618844898, 'svm_sh': np.float64(0.9328671328671327), 'svm_hb': np.float64(0.9332936936768353)}","{'rf_random': 1, 'rf_optuna': 1, 'rf_sh': 1, 'rf_hb': 1, 'svm_random': 3, 'svm_optuna': 1, 'svm_sh': 2, 'svm_hb': 2}"
12,random,0.9583368809422449,0.966680950665625,"{'n_estimators': 50, 'max_depth': 20, 'criterion': 'entropy'}","{'rf_random': np.float64(0.9166737618844898), 'rf_optuna': 0.9175142099280029, 'rf_sh': np.float64(0.9091634291634292), 'rf_hb': np.float64(0.9166737618844898), 'svm_random': np.float64(0.93336190133125), 'svm_optuna': 0.9166737618844898, 'svm_sh': np.float64(0.9328671328671327), 'svm_hb': np.float64(0.9332936936768353)}","{'rf_random': 2, 'rf_optuna': 1, 'rf_sh': 1, 'rf_hb': 1, 'svm_random': 3, 'svm_optuna': 1, 'svm_sh': 2, 'svm_hb': 2}"
13,hb,0.9583368809422449,0.966680950665625,"{'n_estimators': 191, 'max_depth': 6, 'criterion': np.str_('gini')}","{'rf_random': np.float64(0.9166737618844898), 'rf_optuna': 0.9175142099280029, 'rf_sh': np.float64(0.9091634291634292), 'rf_hb': np.float64(0.9166737618844898), 'svm_random': np.float64(0.93336190133125), 'svm_optuna': 0.9166737618844898, 'svm_sh': np.float64(0.9328671328671327), 'svm_hb': np.float64(0.9332936936768353)}","{'rf_random': 2, 'rf_optuna': 1, 'rf_sh': 1, 'rf_hb': 2, 'svm_random': 3, 'svm_optuna': 1, 'svm_sh': 2, 'svm_hb': 2}"
14,hb,0.966680950665625,0.966680950665625,"{'C': 0.1089030728875223, 'kernel': np.str_('linear')}","{'rf_random': np.float64(0.9166737618844898), 'rf_optuna': 0.9175142099280029, 'rf_sh': np.float64(0.9091634291634292), 'rf_hb': np.float64(0.9166737618844898), 'svm_random': np.float64(0.93336190133125), 'svm_optuna': 0.9166737618844898, 'svm_sh': np.float64(0.9328671328671327), 'svm_hb': np.float64(0.9333164295616402)}","{'rf_random': 2, 'rf_optuna': 1, 'rf_sh': 1, 'rf_hb': 2, 'svm_random': 3, 'svm_optuna': 1, 'svm_sh': 2, 'svm_hb': 3}"
15,sh,0.9664335664335664,0.966680950665625,"{'kernel': 'linear', 'C': 1}","{'rf_random': np.float64(0.9166737618844898), 'rf_optuna': 0.9175142099280029, 'rf_sh': np.float64(0.9091634291634292), 'rf_hb': np.float64(0.9166737618844898), 'svm_random': np.float64(0.93336190133125), 'svm_optuna': 0.9166737618844898, 'svm_sh': np.float64(0.9328671328671327), 'svm_hb': np.float64(0.9333164295616402)}","{'rf_random': 2, 'rf_optuna': 1, 'rf_sh': 1, 'rf_hb': 2, 'svm_random': 3, 'svm_optuna': 1, 'svm_sh': 3, 'svm_hb': 3}"
16,sh,0.9545817145817146,0.966680950665625,"{'n_estimators': 100, 'max_depth': None, 'criterion': 'entropy'}","{'rf_random': np.float64(0.9166737618844898), 'rf_optuna': 0.9175142099280029, 'rf_sh': np.float64(0.9091634291634292), 'rf_hb': np.float64(0.9166737618844898), 'svm_random': np.float64(0.93336190133125), 'svm_optuna': 0.9166737618844898, 'svm_sh': np.float64(0.9328671328671327), 'svm_hb': np.float64(0.9333164295616402)}","{'rf_random': 2, 'rf_optuna': 1, 'rf_sh': 2, 'rf_hb': 2, 'svm_random': 3, 'svm_optuna': 1, 'svm_sh': 3, 'svm_hb': 3}"
17,random,0.966680950665625,0.966680950665625,"{'kernel': 'linear', 'C': 0.1}","{'rf_random': np.float64(0.9166737618844898), 'rf_optuna': 0.9175142099280029, 'rf_sh': np.float64(0.9091634291634292), 'rf_hb': np.float64(0.9166737618844898), 'svm_random': np.float64(0.93336190133125), 'svm_optuna': 0.9166737618844898, 'svm_sh': np.float64(0.9328671328671327), 'svm_hb': np.float64(0.9333164295616402)}","{'rf_random': 2, 'rf_optuna': 1, 'rf_sh': 2, 'rf_hb': 2, 'svm_random': 4, 'svm_optuna': 1, 'svm_sh': 3, 'svm_hb': 3}"
18,hb,0.966680950665625,0.966680950665625,"{'C': 0.12781090404638829, 'kernel': np.str_('linear')}","{'rf_random': np.float64(0.9166737618844898), 'rf_optuna': 0.9175142099280029, 'rf_sh': np.float64(0.9091634291634292), 'rf_hb': np.float64(0.9166737618844898), 'svm_random': np.float64(0.93336190133125), 'svm_optuna': 0.9166737618844898, 'svm_sh': np.float64(0.9328671328671327), 'svm_hb': np.float64(0.9333277975040426)}","{'rf_random': 2, 'rf_optuna': 1, 'rf_sh': 2, 'rf_hb': 2, 'svm_random': 4, 'svm_optuna': 1, 'svm_sh': 3, 'svm_hb': 4}"
19,sh,0.9664335664335664,0.966680950665625,"{'kernel': 'linear', 'C': 1}","{'rf_random': np.float64(0.9166737618844898), 'rf_optuna': 0.9175142099280029, 'rf_sh': np.float64(0.9091634291634292), 'rf_hb': np.float64(0.9166737618844898), 'svm_random': np.float64(0.93336190133125), 'svm_optuna': 0.9166737618844898, 'svm_sh': np.float64(0.9328671328671327), 'svm_hb': np.float64(0.9333277975040426)}","{'rf_random': 2, 'rf_optuna': 1, 'rf_sh': 2, 'rf_hb': 2, 'svm_random': 4, 'svm_optuna': 1, 'svm_sh': 4, 'svm_hb': 4}"
0,random,0.9583368809422449,-1,"{'n_estimators': 100, 'max_depth': None, 'criterion': 'gini'}","{'rf_random': np.float64(0.9166737618844898), 'rf_optuna': 0.0, 'rf_sh': 0.0, 'rf_hb': 0.0, 'svm_random': 0.0, 'svm_optuna': 0.0, 'svm_sh': 0.0, 'svm_hb': 0.0}","{'rf_random': 1, 'rf_optuna': 0, 'rf_sh': 0, 'rf_hb': 0, 'svm_random': 0, 'svm_optuna': 0, 'svm_sh': 0, 'svm_hb': 0}"
1,optuna,0.9583368809422449,0.9583368809422449,"{'n_estimators': 170, 'max_depth': 20, 'criterion': 'entropy'}","{'rf_random': np.float64(0.9166737618844898), 'rf_optuna': 0.9166737618844898, 'rf_sh': 0.0, 'rf_hb': 0.0, 'svm_random': 0.0, 'svm_optuna': 0.0, 'svm_sh': 0.0, 'svm_hb': 0.0}","{'rf_random': 1, 'rf_optuna': 1, 'rf_sh': 0, 'rf_hb': 0, 'svm_random': 0, 'svm_optuna': 0, 'svm_sh': 0, 'svm_hb': 0}"
2,sh,0.9545817145817146,0.9583368809422449,"{'n_estimators': 100, 'max_depth': None, 'criterion': 'entropy'}","{'rf_random': np.float64(0.9166737618844898), 'rf_optuna': 0.9166737618844898, 'rf_sh': np.float64(0.9091634291634292), 'rf_hb': 0.0, 'svm_random': 0.0, 'svm_optuna': 0.0, 'svm_sh': 0.0, 'svm_hb': 0.0}","{'rf_random': 1, 'rf_optuna': 1, 'rf_sh': 1, 'rf_hb': 0, 'svm_random': 0, 'svm_optuna': 0, 'svm_sh': 0, 'svm_hb': 0}"
3,hb,0.9501974341821086,0.9583368809422449,"{'n_estimators': 125, 'max_depth': 19, 'criterion': np.str_('gini')}","{'rf_random': np.float64(0.9166737618844898), 'rf_optuna': 0.9166737618844898, 'rf_sh': np.float64(0.9091634291634292), 'rf_hb': np.float64(0.9003948683642171), 'svm_random': 0.0, 'svm_optuna': 0.0, 'svm_sh': 0.0, 'svm_hb': 0.0}","{'rf_random': 1, 'rf_optuna': 1, 'rf_sh': 1, 'rf_hb': 1, 'svm_random': 0, 'svm_optuna': 0, 'svm_sh': 0, 'svm_hb': 0}"
4,random,0.966680950665625,0.9583368809422449,"{'kernel': 'linear', 'C': 0.1}","{'rf_random': np.float64(0.9166737618844898), 'rf_optuna': 0.9166737618844898, 'rf_sh': np.float64(0.9091634291634292), 'rf_hb': np.float64(0.9003948683642171), 'svm_random': np.float64(0.93336190133125), 'svm_optuna': 0.0, 'svm_sh': 0.0, 'svm_hb': 0.0}","{'rf_random': 1, 'rf_optuna': 1, 'rf_sh': 1, 'rf_hb': 1, 'svm_random': 1, 'svm_optuna': 0, 'svm_sh': 0, 'svm_hb': 0}"
5,optuna,0.9583368809422449,0.966680950665625,"{'C': 0.14799392601940572, 'kernel': 'linear'}","{'rf_random': np.float64(0.9166737618844898), 'rf_optuna': 0.9166737618844898, 'rf_sh': np.float64(0.9091634291634292), 'rf_hb': np.float64(0.9003948683642171), 'svm_random': np.float64(0.93336190133125), 'svm_optuna': 0.9166737618844898, 'svm_sh': 0.0, 'svm_hb': 0.0}","{'rf_random': 1, 'rf_optuna': 1, 'rf_sh': 1, 'rf_hb': 1, 'svm_random': 1, 'svm_optuna': 1, 'svm_sh': 0, 'svm_hb': 0}"
6,sh,0.9664335664335664,0.966680950665625,"{'kernel': 'linear', 'C': 1}","{'rf_random': np.float64(0.9166737618844898), 'rf_optuna': 0.9166737618844898, 'rf_sh': np.float64(0.9091634291634292), 'rf_hb': np.float64(0.9003948683642171), 'svm_random': np.float64(0.93336190133125), 'svm_optuna': 0.9166737618844898, 'svm_sh': np.float64(0.9328671328671327), 'svm_hb': 0.0}","{'rf_random': 1, 'rf_optuna': 1, 'rf_sh': 1, 'rf_hb': 1, 'svm_random': 1, 'svm_optuna': 1, 'svm_sh': 1, 'svm_hb': 0}"
7,hb,0.9749340144742443,0.966680950665625,"{'C': 0.09669026658586265, 'kernel': np.str_('linear')}","{'rf_random': np.float64(0.9166737618844898), 'rf_optuna': 0.9166737618844898, 'rf_sh': np.float64(0.9091634291634292), 'rf_hb': np.float64(0.9003948683642171), 'svm_random': np.float64(0.93336190133125), 'svm_optuna': 0.9166737618844898, 'svm_sh': np.float64(0.9328671328671327), 'svm_hb': np.float64(0.9498680289484887)}","{'rf_random': 1, 'rf_optuna': 1, 'rf_sh': 1, 'rf_hb': 1, 'svm_random': 1, 'svm_optuna': 1, 'svm_sh': 1, 'svm_hb': 1}"
8,hb,0.966680950665625,0.9749340144742443,"{'C': 0.10985055826532643, 'kernel': np.str_('linear')}","{'rf_random': np.float64(0.9166737618844898), 'rf_optuna': 0.9166737618844898, 'rf_sh': np.float64(0.9091634291634292), 'rf_hb': np.float64(0.9003948683642171), 'svm_random': np.float64(0.93336190133125), 'svm_optuna': 0.9166737618844898, 'svm_sh': np.float64(0.9328671328671327), 'svm_hb': np.float64(0.9416149651398693)}","{'rf_random': 1, 'rf_optuna': 1, 'rf_sh': 1, 'rf_hb': 1, 'svm_random': 1, 'svm_optuna': 1, 'svm_sh': 1, 'svm_hb': 2}"
9,random,0.966680950665625,0.9749340144742443,"{'kernel': 'linear', 'C': 0.1}","{'rf_random': np.float64(0.9166737618844898), 'rf_optuna': 0.9166737618844898, 'rf_sh': np.float64(0.9091634291634292), 'rf_hb': np.float64(0.9003948683642171), 'svm_random': np.float64(0.93336190133125), 'svm_optuna': 0.9166737618844898, 'svm_sh': np.float64(0.9328671328671327), 'svm_hb': np.float64(0.9416149651398693)}","{'rf_random': 1, 'rf_optuna': 1, 'rf_sh': 1, 'rf_hb': 1, 'svm_random': 2, 'svm_optuna': 1, 'svm_sh': 1, 'svm_hb': 2}"
10,sh,0.9664335664335664,0.9749340144742443,"{'kernel': 'linear', 'C': 1}","{'rf_random': np.float64(0.9166737618844898), 'rf_optuna': 0.9166737618844898, 'rf_sh': np.float64(0.9091634291634292), 'rf_hb': np.float64(0.9003948683642171), 'svm_random': np.float64(0.93336190133125), 'svm_optuna': 0.9166737618844898, 'svm_sh': np.float64(0.9328671328671327), 'svm_hb': np.float64(0.9416149651398693)}","{'rf_random': 1, 'rf_optuna': 1, 'rf_sh': 1, 'rf_hb': 1, 'svm_random': 2, 'svm_optuna': 1, 'svm_sh': 2, 'svm_hb': 2}"
11,hb,0.9666127430112104,0.9749340144742443,"{'C': 0.49849492327550765, 'kernel': np.str_('linear')}","{'rf_random': np.float64(0.9166737618844898), 'rf_optuna': 0.9166737618844898, 'rf_sh': np.float64(0.9091634291634292), 'rf_hb': np.float64(0.9003948683642171), 'svm_random': np.float64(0.93336190133125), 'svm_optuna': 0.9166737618844898, 'svm_sh': np.float64(0.9328671328671327), 'svm_hb': np.float64(0.9388184721007198)}","{'rf_random': 1, 'rf_optuna': 1, 'rf_sh': 1, 'rf_hb': 1, 'svm_random': 2, 'svm_optuna': 1, 'svm_sh': 2, 'svm_hb': 3}"
12,random,0.9583368809422449,0.9749340144742443,"{'n_estimators': 200, 'max_depth': 20, 'criterion': 'gini'}","{'rf_random': np.float64(0.9166737618844898), 'rf_optuna': 0.9166737618844898, 'rf_sh': np.float64(0.9091634291634292), 'rf_hb': np.float64(0.9003948683642171), 'svm_random': np.float64(0.93336190133125), 'svm_optuna': 0.9166737618844898, 'svm_sh': np.float64(0.9328671328671327), 'svm_hb': np.float64(0.9388184721007198)}","{'rf_random': 2, 'rf_optuna': 1, 'rf_sh': 1, 'rf_hb': 1, 'svm_random': 2, 'svm_optuna': 1, 'svm_sh': 2, 'svm_hb': 3}"
13,random,0.966680950665625,0.9749340144742443,"{'kernel': 'linear', 'C': 0.1}","{'rf_random': np.float64(0.9166737618844898), 'rf_optuna': 0.9166737618844898, 'rf_sh': np.float64(0.9091634291634292), 'rf_hb': np.float64(0.9003948683642171), 'svm_random': np.float64(0.93336190133125), 'svm_optuna': 0.9166737618844898, 'svm_sh': np.float64(0.9328671328671327), 'svm_hb': np.float64(0.9388184721007198)}","{'rf_random': 2, 'rf_optuna': 1, 'rf_sh': 1, 'rf_hb': 1, 'svm_random': 3, 'svm_optuna': 1, 'svm_sh': 2, 'svm_hb': 3}"
14,sh,0.9664335664335664,0.9749340144742443,"{'kernel': 'linear', 'C': 1}","{'rf_random': np.float64(0.9166737618844898), 'rf_optuna': 0.9166737618844898, 'rf_sh': np.float64(0.9091634291634292), 'rf_hb': np.float64(0.9003948683642171), 'svm_random': np.float64(0.93336190133125), 'svm_optuna': 0.9166737618844898, 'svm_sh': np.float64(0.9328671328671327), 'svm_hb': np.float64(0.9388184721007198)}","{'rf_random': 2, 'rf_optuna': 1, 'rf_sh': 1, 'rf_hb': 1, 'svm_random': 3, 'svm_optuna': 1, 'svm_sh': 3, 'svm_hb': 3}"
15,sh,0.9545817145817146,0.9749340144742443,"{'n_estimators': 100, 'max_depth': None, 'criterion': 'entropy'}","{'rf_random': np.float64(0.9166737618844898), 'rf_optuna': 0.9166737618844898, 'rf_sh': np.float64(0.9091634291634292), 'rf_hb': np.float64(0.9003948683642171), 'svm_random': np.float64(0.93336190133125), 'svm_optuna': 0.9166737618844898, 'svm_sh': np.float64(0.9328671328671327), 'svm_hb': np.float64(0.9388184721007198)}","{'rf_random': 2, 'rf_optuna': 1, 'rf_sh': 2, 'rf_hb': 1, 'svm_random': 3, 'svm_optuna': 1, 'svm_sh': 3, 'svm_hb': 3}"
16,hb,0.9583368809422449,0.9749340144742443,"{'n_estimators': 184, 'max_depth': 15, 'criterion': np.str_('gini')}","{'rf_random': np.float64(0.9166737618844898), 'rf_optuna': 0.9166737618844898, 'rf_sh': np.float64(0.9091634291634292), 'rf_hb': np.float64(0.9085343151243535), 'svm_random': np.float64(0.93336190133125), 'svm_optuna': 0.9166737618844898, 'svm_sh': np.float64(0.9328671328671327), 'svm_hb': np.float64(0.9388184721007198)}","{'rf_random': 2, 'rf_optuna': 1, 'rf_sh': 2, 'rf_hb': 2, 'svm_random': 3, 'svm_optuna': 1, 'svm_sh': 3, 'svm_hb': 3}"
17,hb,0.966680950665625,0.9749340144742443,"{'C': 0.10196245871156247, 'kernel': np.str_('linear')}","{'rf_random': np.float64(0.9166737618844898), 'rf_optuna': 0.9166737618844898, 'rf_sh': np.float64(0.9091634291634292), 'rf_hb': np.float64(0.9085343151243535), 'svm_random': np.float64(0.93336190133125), 'svm_optuna': 0.9166737618844898, 'svm_sh': np.float64(0.9328671328671327), 'svm_hb': np.float64(0.9374543294083524)}","{'rf_random': 2, 'rf_optuna': 1, 'rf_sh': 2, 'rf_hb': 2, 'svm_random': 3, 'svm_optuna': 1, 'svm_sh': 3, 'svm_hb': 4}"
18,random,0.966680950665625,0.9749340144742443,"{'kernel': 'linear', 'C': 0.1}","{'rf_random': np.float64(0.9166737618844898), 'rf_optuna': 0.9166737618844898, 'rf_sh': np.float64(0.9091634291634292), 'rf_hb': np.float64(0.9085343151243535), 'svm_random': np.float64(0.93336190133125), 'svm_optuna': 0.9166737618844898, 'svm_sh': np.float64(0.9328671328671327), 'svm_hb': np.float64(0.9374543294083524)}","{'rf_random': 2, 'rf_optuna': 1, 'rf_sh': 2, 'rf_hb': 2, 'svm_random': 4, 'svm_optuna': 1, 'svm_sh': 3, 'svm_hb': 4}"
19,sh,0.9664335664335664,0.9749340144742443,"{'kernel': 'linear', 'C': 1}","{'rf_random': np.float64(0.9166737618844898), 'rf_optuna': 0.9166737618844898, 'rf_sh': np.float64(0.9091634291634292), 'rf_hb': np.float64(0.9085343151243535), 'svm_random': np.float64(0.93336190133125), 'svm_optuna': 0.9166737618844898, 'svm_sh': np.float64(0.9328671328671327), 'svm_hb': np.float64(0.9374543294083524)}","{'rf_random': 2, 'rf_optuna': 1, 'rf_sh': 2, 'rf_hb': 2, 'svm_random': 4, 'svm_optuna': 1, 'svm_sh': 4, 'svm_hb': 4}"
0,random,0.3255821490912669,-1,"{'n_estimators': 50, 'max_depth': 20, 'criterion': 'entropy'}","{'rf_random': np.float64(-0.34883570181746615), 'rf_optuna': 0.0, 'rf_sh': 0.0, 'rf_hb': 0.0, 'svm_random': 0.0, 'svm_optuna': 0.0, 'svm_sh': 0.0, 'svm_hb': 0.0}","{'rf_random': 1, 'rf_optuna': 0, 'rf_sh': 0, 'rf_hb': 0, 'svm_random': 0, 'svm_optuna': 0, 'svm_sh': 0, 'svm_hb': 0}"
1,optuna,0.3080091770308386,0.3255821490912669,"{'n_estimators': 152, 'max_depth': 15, 'criterion': 'entropy'}","{'rf_random': np.float64(-0.34883570181746615), 'rf_optuna': -0.38398164593832285, 'rf_sh': 0.0, 'rf_hb': 0.0, 'svm_random': 0.0, 'svm_optuna': 0.0, 'svm_sh': 0.0, 'svm_hb': 0.0}","{'rf_random': 1, 'rf_optuna': 1, 'rf_sh': 0, 'rf_hb': 0, 'svm_random': 0, 'svm_optuna': 0, 'svm_sh': 0, 'svm_hb': 0}"
2,sh,0.1979544137183398,0.3255821490912669,"{'n_estimators': 50, 'max_depth': 20, 'criterion': 'gini'}","{'rf_random': np.float64(-0.34883570181746615), 'rf_optuna': -0.38398164593832285, 'rf_sh': np.float64(-0.6040911725633205), 'rf_hb': 0.0, 'svm_random': 0.0, 'svm_optuna': 0.0, 'svm_sh': 0.0, 'svm_hb': 0.0}","{'rf_random': 1, 'rf_optuna': 1, 'rf_sh': 1, 'rf_hb': 0, 'svm_random': 0, 'svm_optuna': 0, 'svm_sh': 0, 'svm_hb': 0}"
3,hb,0.32420380973879176,0.3255821490912669,"{'n_estimators': 177, 'max_depth': 23, 'criterion': np.str_('entropy')}","{'rf_random': np.float64(-0.34883570181746615), 'rf_optuna': -0.38398164593832285, 'rf_sh': np.float64(-0.6040911725633205), 'rf_hb': np.float64(-0.3515923805224165), 'svm_random': 0.0, 'svm_optuna': 0.0, 'svm_sh': 0.0, 'svm_hb': 0.0}","{'rf_random': 1, 'rf_optuna': 1, 'rf_sh': 1, 'rf_hb': 1, 'svm_random': 0, 'svm_optuna': 0, 'svm_sh': 0, 'svm_hb': 0}"
4,random,0.22666483435118043,0.3255821490912669,"{'kernel': 'rbf', 'C': 10}","{'rf_random': np.float64(-0.34883570181746615), 'rf_optuna': -0.38398164593832285, 'rf_sh': np.float64(-0.6040911725633205), 'rf_hb': np.float64(-0.3515923805224165), 'svm_random': np.float64(-0.5466703312976391), 'svm_optuna': 0.0, 'svm_sh': 0.0, 'svm_hb': 0.0}","{'rf_random': 1, 'rf_optuna': 1, 'rf_sh': 1, 'rf_hb': 1, 'svm_random': 1, 'svm_optuna': 0, 'svm_sh': 0, 'svm_hb': 0}"
5,optuna,0.22693214127223804,0.3255821490912669,"{'C': 17.99851762474924, 'kernel': 'rbf'}","{'rf_random': np.float64(-0.34883570181746615), 'rf_optuna': -0.38398164593832285, 'rf_sh': np.float64(-0.6040911725633205), 'rf_hb': np.float64(-0.3515923805224165), 'svm_random': np.float64(-0.5466703312976391), 'svm_optuna': -0.5461357174555239, 'svm_sh': 0.0, 'svm_hb': 0.0}","{'rf_random': 1, 'rf_optuna': 1, 'rf_sh': 1, 'rf_hb': 1, 'svm_random': 1, 'svm_optuna': 1, 'svm_sh': 0, 'svm_hb': 0}"
6,sh,0.19607299452531268,0.3255821490912669,"{'kernel': 'linear', 'C': 0.1}","{'rf_random': np.float64(-0.34883570181746615), 'rf_optuna': -0.38398164593832285, 'rf_sh': np.float64(-0.6040911725633205), 'rf_hb': np.float64(-0.3515923805224165), 'svm_random': np.float64(-0.5466703312976391), 'svm_optuna': -0.5461357174555239, 'svm_sh': np.float64(-0.6078540109493746), 'svm_hb': 0.0}","{'rf_random': 1, 'rf_optuna': 1, 'rf_sh': 1, 'rf_hb': 1, 'svm_random': 1, 'svm_optuna': 1, 'svm_sh': 1, 'svm_hb': 0}"
7,hb,0.22669896363417355,0.3255821490912669,"{'C': 20.841391405949732, 'kernel': np.str_('rbf')}","{'rf_random': np.float64(-0.34883570181746615), 'rf_optuna': -0.38398164593832285, 'rf_sh': np.float64(-0.6040911725633205), 'rf_hb': np.float64(-0.3515923805224165), 'svm_random': np.float64(-0.5466703312976391), 'svm_optuna': -0.5461357174555239, 'svm_sh': np.float64(-0.6078540109493746), 'svm_hb': np.float64(-0.546602072731653)}","{'rf_random': 1, 'rf_optuna': 1, 'rf_sh': 1, 'rf_hb': 1, 'svm_random': 1, 'svm_optuna': 1, 'svm_sh': 1, 'svm_hb': 1}"
8,random,0.30047509728952404,0.3255821490912669,"{'n_estimators': 200, 'max_depth': 20, 'criterion': 'entropy'}","{'rf_random': np.float64(-0.37394275361920903), 'rf_optuna': -0.38398164593832285, 'rf_sh': np.float64(-0.6040911725633205), 'rf_hb': np.float64(-0.3515923805224165), 'svm_random': np.float64(-0.5466703312976391), 'svm_optuna': -0.5461357174555239, 'svm_sh': np.float64(-0.6078540109493746), 'svm_hb': np.float64(-0.546602072731653)}","{'rf_random': 2, 'rf_optuna': 1, 'rf_sh': 1, 'rf_hb': 1, 'svm_random': 1, 'svm_optuna': 1, 'svm_sh': 1, 'svm_hb': 1}"
9,hb,0.3194245920757275,0.3255821490912669,"{'n_estimators': 175, 'max_depth': 17, 'criterion': np.str_('entropy')}","{'rf_random': np.float64(-0.37394275361920903), 'rf_optuna': -0.38398164593832285, 'rf_sh': np.float64(-0.6040911725633205), 'rf_hb': np.float64(-0.35637159818548075), 'svm_random': np.float64(-0.5466703312976391), 'svm_optuna': -0.5461357174555239, 'svm_sh': np.float64(-0.6078540109493746), 'svm_hb': np.float64(-0.546602072731653)}","{'rf_random': 2, 'rf_optuna': 1, 'rf_sh': 1, 'rf_hb': 2, 'svm_random': 1, 'svm_optuna': 1, 'svm_sh': 1, 'svm_hb': 1}"
10,random,0.3099032870818795,0.3255821490912669,"{'n_estimators': 100, 'max_depth': 20, 'criterion': 'entropy'}","{'rf_random': np.float64(-0.3760263110248864), 'rf_optuna': -0.38398164593832285, 'rf_sh': np.float64(-0.6040911725633205), 'rf_hb': np.float64(-0.35637159818548075), 'svm_random': np.float64(-0.5466703312976391), 'svm_optuna': -0.5461357174555239, 'svm_sh': np.float64(-0.6078540109493746), 'svm_hb': np.float64(-0.546602072731653)}","{'rf_random': 3, 'rf_optuna': 1, 'rf_sh': 1, 'rf_hb': 2, 'svm_random': 1, 'svm_optuna': 1, 'svm_sh': 1, 'svm_hb': 1}"
11,random,0.3186344543709028,0.3255821490912669,"{'n_estimators': 200, 'max_depth': None, 'criterion': 'entropy'}","{'rf_random': np.float64(-0.37270250608321337), 'rf_optuna': -0.38398164593832285, 'rf_sh': np.float64(-0.6040911725633205), 'rf_hb': np.float64(-0.35637159818548075), 'svm_random': np.float64(-0.5466703312976391), 'svm_optuna': -0.5461357174555239, 'svm_sh': np.float64(-0.6078540109493746), 'svm_hb': np.float64(-0.546602072731653)}","{'rf_random': 4, 'rf_optuna': 1, 'rf_sh': 1, 'rf_hb': 2, 'svm_random': 1, 'svm_optuna': 1, 'svm_sh': 1, 'svm_hb': 1}"
12,random,0.30781915098059415,0.3255821490912669,"{'n_estimators': 100, 'max_depth': 20, 'criterion': 'entropy'}","{'rf_random': np.float64(-0.37503434447433304), 'rf_optuna': -0.38398164593832285, 'rf_sh': np.float64(-0.6040911725633205), 'rf_hb': np.float64(-0.35637159818548075), 'svm_random': np.float64(-0.5466703312976391), 'svm_optuna': -0.5461357174555239, 'svm_sh': np.float64(-0.6078540109493746), 'svm_hb': np.float64(-0.546602072731653)}","{'rf_random': 5, 'rf_optuna': 1, 'rf_sh': 1, 'rf_hb': 2, 'svm_random': 1, 'svm_optuna': 1, 'svm_sh': 1, 'svm_hb': 1}"
13,random,0.2841063563396087,0.3255821490912669,"{'n_estimators': 50, 'max_depth': None, 'criterion': 'entropy'}","{'rf_random': np.float64(-0.38449316828207464), 'rf_optuna': -0.38398164593832285, 'rf_sh': np.float64(-0.6040911725633205), 'rf_hb': np.float64(-0.35637159818548075), 'svm_random': np.float64(-0.5466703312976391), 'svm_optuna': -0.5461357174555239, 'svm_sh': np.float64(-0.6078540109493746), 'svm_hb': np.float64(-0.546602072731653)}","{'rf_random': 6, 'rf_optuna': 1, 'rf_sh': 1, 'rf_hb': 2, 'svm_random': 1, 'svm_optuna': 1, 'svm_sh': 1, 'svm_hb': 1}"
14,hb,0.3105959605803739,0.3255821490912669,"{'n_estimators': 177, 'max_depth': 28, 'criterion': np.str_('entropy')}","{'rf_random': np.float64(-0.38449316828207464), 'rf_optuna': -0.38398164593832285, 'rf_sh': np.float64(-0.6040911725633205), 'rf_hb': np.float64(-0.3638504250700712), 'svm_random': np.float64(-0.5466703312976391), 'svm_optuna': -0.5461357174555239, 'svm_sh': np.float64(-0.6078540109493746), 'svm_hb': np.float64(-0.546602072731653)}","{'rf_random': 6, 'rf_optuna': 1, 'rf_sh': 1, 'rf_hb': 3, 'svm_random': 1, 'svm_optuna': 1, 'svm_sh': 1, 'svm_hb': 1}"
15,random,0.27955160007436636,0.3255821490912669,"{'n_estimators': 200, 'max_depth': 10, 'criterion': 'entropy'}","{'rf_random': np.float64(-0.39255082993481644), 'rf_optuna': -0.38398164593832285, 'rf_sh': np.float64(-0.6040911725633205), 'rf_hb': np.float64(-0.3638504250700712), 'svm_random': np.float64(-0.5466703312976391), 'svm_optuna': -0.5461357174555239, 'svm_sh': np.float64(-0.6078540109493746), 'svm_hb': np.float64(-0.546602072731653)}","{'rf_random': 7, 'rf_optuna': 1, 'rf_sh': 1, 'rf_hb': 3, 'svm_random': 1, 'svm_optuna': 1, 'svm_sh': 1, 'svm_hb': 1}"
16,hb,0.2884462963822653,0.3255821490912669,"{'n_estimators': 86, 'max_depth': 29, 'criterion': np.str_('entropy')}","{'rf_random': np.float64(-0.39255082993481644), 'rf_optuna': -0.38398164593832285, 'rf_sh': np.float64(-0.6040911725633205), 'rf_hb': np.float64(-0.37866467061142073), 'svm_random': np.float64(-0.5466703312976391), 'svm_optuna': -0.5461357174555239, 'svm_sh': np.float64(-0.6078540109493746), 'svm_hb': np.float64(-0.546602072731653)}","{'rf_random': 7, 'rf_optuna': 1, 'rf_sh': 1, 'rf_hb': 4, 'svm_random': 1, 'svm_optuna': 1, 'svm_sh': 1, 'svm_hb': 1}"
17,random,0.3174618974832661,0.3255821490912669,"{'n_estimators': 100, 'max_depth': None, 'criterion': 'entropy'}","{'rf_random': np.float64(-0.38911650182214785), 'rf_optuna': -0.38398164593832285, 'rf_sh': np.float64(-0.6040911725633205), 'rf_hb': np.float64(-0.37866467061142073), 'svm_random': np.float64(-0.5466703312976391), 'svm_optuna': -0.5461357174555239, 'svm_sh': np.float64(-0.6078540109493746), 'svm_hb': np.float64(-0.546602072731653)}","{'rf_random': 8, 'rf_optuna': 1, 'rf_sh': 1, 'rf_hb': 4, 'svm_random': 1, 'svm_optuna': 1, 'svm_sh': 1, 'svm_hb': 1}"
18,random,0.30758878801906,0.3255821490912669,"{'n_estimators': 100, 'max_depth': 20, 'criterion': 'entropy'}","{'rf_random': np.float64(-0.3886393820598959), 'rf_optuna': -0.38398164593832285, 'rf_sh': np.float64(-0.6040911725633205), 'rf_hb': np.float64(-0.37866467061142073), 'svm_random': np.float64(-0.5466703312976391), 'svm_optuna': -0.5461357174555239, 'svm_sh': np.float64(-0.6078540109493746), 'svm_hb': np.float64(-0.546602072731653)}","{'rf_random': 9, 'rf_optuna': 1, 'rf_sh': 1, 'rf_hb': 4, 'svm_random': 1, 'svm_optuna': 1, 'svm_sh': 1, 'svm_hb': 1}"
19,random,0.28139158419766575,0.3255821490912669,"{'n_estimators': 50, 'max_depth': None, 'criterion': 'entropy'}","{'rf_random': np.float64(-0.39349712701437317), 'rf_optuna': -0.38398164593832285, 'rf_sh': np.float64(-0.6040911725633205), 'rf_hb': np.float64(-0.37866467061142073), 'svm_random': np.float64(-0.5466703312976391), 'svm_optuna': -0.5461357174555239, 'svm_sh': np.float64(-0.6078540109493746), 'svm_hb': np.float64(-0.546602072731653)}","{'rf_random': 10, 'rf_optuna': 1, 'rf_sh': 1, 'rf_hb': 4, 'svm_random': 1, 'svm_optuna': 1, 'svm_sh': 1, 'svm_hb': 1}"
0,random,0.9583368809422449,-1,"{'n_estimators': 200, 'max_depth': None, 'criterion': 'entropy'}","{'rf_random': np.float64(0.9166737618844898), 'rf_optuna': 0.0, 'rf_sh': 0.0, 'rf_hb': 0.0, 'svm_random': 0.0, 'svm_optuna': 0.0, 'svm_sh': 0.0, 'svm_hb': 0.0}","{'rf_random': 1, 'rf_optuna': 0, 'rf_sh': 0, 'rf_hb': 0, 'svm_random': 0, 'svm_optuna': 0, 'svm_sh': 0, 'svm_hb': 0}"
1,optuna,0.9583368809422449,0.9583368809422449,"{'n_estimators': 155, 'max_depth': 15, 'criterion': 'gini'}","{'rf_random': np.float64(0.9166737618844898), 'rf_optuna': 0.9166737618844898, 'rf_sh': 0.0, 'rf_hb': 0.0, 'svm_random': 0.0, 'svm_optuna': 0.0, 'svm_sh': 0.0, 'svm_hb': 0.0}","{'rf_random': 1, 'rf_optuna': 1, 'rf_sh': 0, 'rf_hb': 0, 'svm_random': 0, 'svm_optuna': 0, 'svm_sh': 0, 'svm_hb': 0}"
2,sh,0.9545817145817146,0.9583368809422449,"{'n_estimators': 200, 'max_depth': 5, 'criterion': 'entropy'}","{'rf_random': np.float64(0.9166737618844898), 'rf_optuna': 0.9166737618844898, 'rf_sh': np.float64(0.9091634291634292), 'rf_hb': 0.0, 'svm_random': 0.0, 'svm_optuna': 0.0, 'svm_sh': 0.0, 'svm_hb': 0.0}","{'rf_random': 1, 'rf_optuna': 1, 'rf_sh': 1, 'rf_hb': 0, 'svm_random': 0, 'svm_optuna': 0, 'svm_sh': 0, 'svm_hb': 0}"
3,hb,0.9583368809422449,0.9583368809422449,"{'n_estimators': 191, 'max_depth': 29, 'criterion': np.str_('entropy')}","{'rf_random': np.float64(0.9166737618844898), 'rf_optuna': 0.9166737618844898, 'rf_sh': np.float64(0.9091634291634292), 'rf_hb': np.float64(0.9166737618844898), 'svm_random': 0.0, 'svm_optuna': 0.0, 'svm_sh': 0.0, 'svm_hb': 0.0}","{'rf_random': 1, 'rf_optuna': 1, 'rf_sh': 1, 'rf_hb': 1, 'svm_random': 0, 'svm_optuna': 0, 'svm_sh': 0, 'svm_hb': 0}"
4,random,0.966680950665625,0.9583368809422449,"{'kernel': 'linear', 'C': 0.1}","{'rf_random': np.float64(0.9166737618844898), 'rf_optuna': 0.9166737618844898, 'rf_sh': np.float64(0.9091634291634292), 'rf_hb': np.float64(0.9166737618844898), 'svm_random': np.float64(0.93336190133125), 'svm_optuna': 0.0, 'svm_sh': 0.0, 'svm_hb': 0.0}","{'rf_random': 1, 'rf_optuna': 1, 'rf_sh': 1, 'rf_hb': 1, 'svm_random': 1, 'svm_optuna': 0, 'svm_sh': 0, 'svm_hb': 0}"
5,optuna,0.9581069958847737,0.966680950665625,"{'C': 2.783520148597212, 'kernel': 'linear'}","{'rf_random': np.float64(0.9166737618844898), 'rf_optuna': 0.9166737618844898, 'rf_sh': np.float64(0.9091634291634292), 'rf_hb': np.float64(0.9166737618844898), 'svm_random': np.float64(0.93336190133125), 'svm_optuna': 0.9162139917695473, 'svm_sh': 0.0, 'svm_hb': 0.0}","{'rf_random': 1, 'rf_optuna': 1, 'rf_sh': 1, 'rf_hb': 1, 'svm_random': 1, 'svm_optuna': 1, 'svm_sh': 0, 'svm_hb': 0}"
6,sh,0.9664335664335664,0.966680950665625,"{'kernel': 'linear', 'C': 1}","{'rf_random': np.float64(0.9166737618844898), 'rf_optuna': 0.9166737618844898, 'rf_sh': np.float64(0.9091634291634292), 'rf_hb': np.float64(0.9166737618844898), 'svm_random': np.float64(0.93336190133125), 'svm_optuna': 0.9162139917695473, 'svm_sh': np.float64(0.9328671328671327), 'svm_hb': 0.0}","{'rf_random': 1, 'rf_optuna': 1, 'rf_sh': 1, 'rf_hb': 1, 'svm_random': 1, 'svm_optuna': 1, 'svm_sh': 1, 'svm_hb': 0}"
7,hb,0.9584731091244502,0.966680950665625,"{'C': 1.8251837494035694, 'kernel': np.str_('rbf')}","{'rf_random': np.float64(0.9166737618844898), 'rf_optuna': 0.9166737618844898, 'rf_sh': np.float64(0.9091634291634292), 'rf_hb': np.float64(0.9166737618844898), 'svm_random': np.float64(0.93336190133125), 'svm_optuna': 0.9162139917695473, 'svm_sh': np.float64(0.9328671328671327), 'svm_hb': np.float64(0.9169462182489003)}","{'rf_random': 1, 'rf_optuna': 1, 'rf_sh': 1, 'rf_hb': 1, 'svm_random': 1, 'svm_optuna': 1, 'svm_sh': 1, 'svm_hb': 1}"
8,random,0.966680950665625,0.966680950665625,"{'kernel': 'linear', 'C': 0.1}","{'rf_random': np.float64(0.9166737618844898), 'rf_optuna': 0.9166737618844898, 'rf_sh': np.float64(0.9091634291634292), 'rf_hb': np.float64(0.9166737618844898), 'svm_random': np.float64(0.93336190133125), 'svm_optuna': 0.9162139917695473, 'svm_sh': np.float64(0.9328671328671327), 'svm_hb': np.float64(0.9169462182489003)}","{'rf_random': 1, 'rf_optuna': 1, 'rf_sh': 1, 'rf_hb': 1, 'svm_random': 2, 'svm_optuna': 1, 'svm_sh': 1, 'svm_hb': 1}"
9,sh,0.9664335664335664,0.966680950665625,"{'kernel': 'linear', 'C': 1}","{'rf_random': np.float64(0.9166737618844898), 'rf_optuna': 0.9166737618844898, 'rf_sh': np.float64(0.9091634291634292), 'rf_hb': np.float64(0.9166737618844898), 'svm_random': np.float64(0.93336190133125), 'svm_optuna': 0.9162139917695473, 'svm_sh': np.float64(0.9328671328671327), 'svm_hb': np.float64(0.9169462182489003)}","{'rf_random': 1, 'rf_optuna': 1, 'rf_sh': 1, 'rf_hb': 1, 'svm_random': 2, 'svm_optuna': 1, 'svm_sh': 2, 'svm_hb': 1}"
10,hb,0.9583368809422449,0.966680950665625,"{'C': 0.415124865998659, 'kernel': np.str_('linear')}","{'rf_random': np.float64(0.9166737618844898), 'rf_optuna': 0.9166737618844898, 'rf_sh': np.float64(0.9091634291634292), 'rf_hb': np.float64(0.9166737618844898), 'svm_random': np.float64(0.93336190133125), 'svm_optuna': 0.9162139917695473, 'svm_sh': np.float64(0.9328671328671327), 'svm_hb': np.float64(0.9168099900666951)}","{'rf_random': 1, 'rf_optuna': 1, 'rf_sh': 1, 'rf_hb': 1, 'svm_random': 2, 'svm_optuna': 1, 'svm_sh': 2, 'svm_hb': 2}"
11,random,0.966680950665625,0.966680950665625,"{'kernel': 'linear', 'C': 0.1}","{'rf_random': np.float64(0.9166737618844898), 'rf_optuna': 0.9166737618844898, 'rf_sh': np.float64(0.9091634291634292), 'rf_hb': np.float64(0.9166737618844898), 'svm_random': np.float64(0.93336190133125), 'svm_optuna': 0.9162139917695473, 'svm_sh': np.float64(0.9328671328671327), 'svm_hb': np.float64(0.9168099900666951)}","{'rf_random': 1, 'rf_optuna': 1, 'rf_sh': 1, 'rf_hb': 1, 'svm_random': 3, 'svm_optuna': 1, 'svm_sh': 2, 'svm_hb': 2}"
12,random,0.9583368809422449,0.966680950665625,"{'n_estimators': 100, 'max_depth': 5, 'criterion': 'gini'}","{'rf_random': np.float64(0.9166737618844898), 'rf_optuna': 0.9166737618844898, 'rf_sh': np.float64(0.9091634291634292), 'rf_hb': np.float64(0.9166737618844898), 'svm_random': np.float64(0.93336190133125), 'svm_optuna': 0.9162139917695473, 'svm_sh': np.float64(0.9328671328671327), 'svm_hb': np.float64(0.9168099900666951)}","{'rf_random': 2, 'rf_optuna': 1, 'rf_sh': 1, 'rf_hb': 1, 'svm_random': 3, 'svm_optuna': 1, 'svm_sh': 2, 'svm_hb': 2}"
13,hb,0.9501974341821086,0.966680950665625,"{'n_estimators': 144, 'max_depth': 26, 'criterion': np.str_('gini')}","{'rf_random': np.float64(0.9166737618844898), 'rf_optuna': 0.9166737618844898, 'rf_sh': np.float64(0.9091634291634292), 'rf_hb': np.float64(0.9085343151243535), 'svm_random': np.float64(0.93336190133125), 'svm_optuna': 0.9162139917695473, 'svm_sh': np.float64(0.9328671328671327), 'svm_hb': np.float64(0.9168099900666951)}","{'rf_random': 2, 'rf_optuna': 1, 'rf_sh': 1, 'rf_hb': 2, 'svm_random': 3, 'svm_optuna': 1, 'svm_sh': 2, 'svm_hb': 2}"
14,sh,0.9664335664335664,0.966680950665625,"{'kernel': 'linear', 'C': 1}","{'rf_random': np.float64(0.9166737618844898), 'rf_optuna': 0.9166737618844898, 'rf_sh': np.float64(0.9091634291634292), 'rf_hb': np.float64(0.9085343151243535), 'svm_random': np.float64(0.93336190133125), 'svm_optuna': 0.9162139917695473, 'svm_sh': np.float64(0.9328671328671327), 'svm_hb': np.float64(0.9168099900666951)}","{'rf_random': 2, 'rf_optuna': 1, 'rf_sh': 1, 'rf_hb': 2, 'svm_random': 3, 'svm_optuna': 1, 'svm_sh': 3, 'svm_hb': 2}"
15,sh,0.9545817145817146,0.966680950665625,"{'n_estimators': 200, 'max_depth': 5, 'criterion': 'entropy'}","{'rf_random': np.float64(0.9166737618844898), 'rf_optuna': 0.9166737618844898, 'rf_sh': np.float64(0.9091634291634292), 'rf_hb': np.float64(0.9085343151243535), 'svm_random': np.float64(0.93336190133125), 'svm_optuna': 0.9162139917695473, 'svm_sh': np.float64(0.9328671328671327), 'svm_hb': np.float64(0.9168099900666951)}","{'rf_random': 2, 'rf_optuna': 1, 'rf_sh': 2, 'rf_hb': 2, 'svm_random': 3, 'svm_optuna': 1, 'svm_sh': 3, 'svm_hb': 2}"
16,hb,0.966680950665625,0.966680950665625,"{'C': 0.1195588692144345, 'kernel': np.str_('linear')}","{'rf_random': np.float64(0.9166737618844898), 'rf_optuna': 0.9166737618844898, 'rf_sh': np.float64(0.9091634291634292), 'rf_hb': np.float64(0.9085343151243535), 'svm_random': np.float64(0.93336190133125), 'svm_optuna': 0.9162139917695473, 'svm_sh': np.float64(0.9328671328671327), 'svm_hb': np.float64(0.9223272938215467)}","{'rf_random': 2, 'rf_optuna': 1, 'rf_sh': 2, 'rf_hb': 2, 'svm_random': 3, 'svm_optuna': 1, 'svm_sh': 3, 'svm_hb': 3}"
17,random,0.966680950665625,0.966680950665625,"{'kernel': 'linear', 'C': 0.1}","{'rf_random': np.float64(0.9166737618844898), 'rf_optuna': 0.9166737618844898, 'rf_sh': np.float64(0.9091634291634292), 'rf_hb': np.float64(0.9085343151243535), 'svm_random': np.float64(0.93336190133125), 'svm_optuna': 0.9162139917695473, 'svm_sh': np.float64(0.9328671328671327), 'svm_hb': np.float64(0.9223272938215467)}","{'rf_random': 2, 'rf_optuna': 1, 'rf_sh': 2, 'rf_hb': 2, 'svm_random': 4, 'svm_optuna': 1, 'svm_sh': 3, 'svm_hb': 3}"
18,sh,0.9664335664335664,0.966680950665625,"{'kernel': 'linear', 'C': 1}","{'rf_random': np.float64(0.9166737618844898), 'rf_optuna': 0.9166737618844898, 'rf_sh': np.float64(0.9091634291634292), 'rf_hb': np.float64(0.9085343151243535), 'svm_random': np.float64(0.93336190133125), 'svm_optuna': 0.9162139917695473, 'svm_sh': np.float64(0.9328671328671327), 'svm_hb': np.float64(0.9223272938215467)}","{'rf_random': 2, 'rf_optuna': 1, 'rf_sh': 2, 'rf_hb': 2, 'svm_random': 4, 'svm_optuna': 1, 'svm_sh': 4, 'svm_hb': 3}"
19,random,0.966680950665625,0.966680950665625,"{'kernel': 'linear', 'C': 0.1}","{'rf_random': np.float64(0.9166737618844898), 'rf_optuna': 0.9166737618844898, 'rf_sh': np.float64(0.9091634291634292), 'rf_hb': np.float64(0.9085343151243535), 'svm_random': np.float64(0.93336190133125), 'svm_optuna': 0.9162139917695473, 'svm_sh': np.float64(0.9328671328671327), 'svm_hb': np.float64(0.9223272938215467)}","{'rf_random': 2, 'rf_optuna': 1, 'rf_sh': 2, 'rf_hb': 2, 'svm_random': 5, 'svm_optuna': 1, 'svm_sh': 4, 'svm_hb': 3}"
