"Start Time","Duration","Run ID","Name","Source Type","Source Name","User","Status","C","budget","class_balance","criterion","dataset","feature_correlation_mean","feature_kurtosis","feature_skew_mean","feature_skewness","feature_std_mean","kernel","max_depth","method","n_estimators","n_features","n_rounds","n_samples","noise_indicator","run_id","seed","best_score","best_so_far","round_time","score","used_hb","used_optuna","used_random","used_sh"
"2025-12-13 05:24:31","6.2s","b209d9b118d742ad8e94fc1053b426f3","optuna_baseline","LOCAL","src/main.py","francoramirez","FINISHED","","20","","entropy","","","","","","","","22","optuna_only","196","","","","","","39","0.9573124431841672","","","","","","",""
"2025-12-13 05:23:19","1.2min","987a51f2e4544c48b712416733387f9a","flawless-fawn-394","LOCAL","src/main.py","francoramirez","FINISHED","1","","0.6285714285714286","","breast_cancer","0.4105670163435935","8.002314651923099","1.7874191668790844","1.7874191668790844","1.0080464981038788","rbf","","","","30","20","455","1.0245074903900662","e4fa1b48","39","0.971211841672762","0.971211841672762","0.2015068531036377","0.971211841672762","1","1","1","1"
"2025-12-13 05:23:12","6.6s","8d717a2a59fd4bc39c32941519ba113b","optuna_baseline","LOCAL","src/main.py","francoramirez","FINISHED","","20","","entropy","","","","","","","","23","optuna_only","170","","","","","","38","0.9571721809842885","","","","","","",""
"2025-12-13 05:22:00","1.2min","079759eb517b4628b8d35d4ae57365af","bustling-bird-375","LOCAL","src/main.py","francoramirez","FINISHED","1","","0.6285714285714286","","breast_cancer","0.4105670163435935","8.002314651923099","1.7874191668790844","1.7874191668790844","1.0080464981038788","rbf","","","","30","20","455","1.0245074903900662","41f6e3b4","38","0.971211841672762","0.971211841672762","0.8000609874725342","0.968976762463912","1","1","1","1"
"2025-12-13 05:21:53","6.8s","1a789e3ab5c244698b228af77a312061","optuna_baseline","LOCAL","src/main.py","francoramirez","FINISHED","","20","","entropy","","","","","","","","17","optuna_only","192","","","","","","37","0.9596424433073025","","","","","","",""
"2025-12-13 05:20:44","1.1min","0057318ae4b641fc80efc99283cb89fe","wise-calf-957","LOCAL","src/main.py","francoramirez","FINISHED","1","","0.6285714285714286","","breast_cancer","0.4105670163435935","8.002314651923099","1.7874191668790844","1.7874191668790844","1.0080464981038788","rbf","","","","30","20","455","1.0245074903900662","408e9158","37","0.971211841672762","0.971211841672762","0.6913619041442871","0.9686905990499964","1","1","1","1"
"2025-12-13 05:20:38","6.4s","6919fa62a3f0484582647719f43fe639","optuna_baseline","LOCAL","src/main.py","francoramirez","FINISHED","","20","","entropy","","","","","","","","14","optuna_only","171","","","","","","36","0.9572493488572346","","","","","","",""
"2025-12-13 05:19:26","1.2min","128f31ca61d14949af2db8055f437ec1","magnificent-bee-21","LOCAL","src/main.py","francoramirez","FINISHED","1","","0.6285714285714286","","breast_cancer","0.4105670163435935","8.002314651923099","1.7874191668790844","1.7874191668790844","1.0080464981038788","rbf","","","","30","20","455","1.0245074903900662","14db3738","36","0.971211841672762","0.971211841672762","2.4403889179229736","0.9594323163126598","1","1","1","1"
"2025-12-13 05:19:19","6.2s","c7ee5b6473e446b5b8c5bcfa1916d344","optuna_baseline","LOCAL","src/main.py","francoramirez","FINISHED","","20","","gini","","","","","","","","14","optuna_only","159","","","","","","35","0.9619768137957942","","","","","","",""
"2025-12-13 05:18:09","1.2min","dae7a13f69b14a3b83003ec536f8628c","treasured-gnat-768","LOCAL","src/main.py","francoramirez","FINISHED","1","","0.6285714285714286","","breast_cancer","0.4105670163435935","8.002314651923099","1.7874191668790844","1.7874191668790844","1.0080464981038788","rbf","","","","30","20","455","1.0245074903900662","e6023d10","35","0.971211841672762","0.971211841672762","2.400826930999756","0.9573124431841672","1","1","1","1"
"2025-12-13 05:18:03","5.4s","42038008a8d24449b7cb938933f82ca5","optuna_baseline","LOCAL","src/main.py","francoramirez","FINISHED","","20","","gini","","","","","","","","26","optuna_only","91","","","","","","34","0.9620340794473775","","","","","","",""
"2025-12-13 05:16:53","1.2min","d738c3a7dac5496ba827818ebf50cf6e","stylish-goose-599","LOCAL","src/main.py","francoramirez","FINISHED","1","","0.6285714285714286","","breast_cancer","0.4105670163435935","8.002314651923099","1.7874191668790844","1.7874191668790844","1.0080464981038788","rbf","","","","30","20","455","1.0245074903900662","8a594945","34","0.971211841672762","0.971211841672762","1.9978859424591064","0.9571983629206072","1","1","1","1"
"2025-12-13 05:16:46","6.6s","0cc9309a60614abaaf0f1868707f6469","optuna_baseline","LOCAL","src/main.py","francoramirez","FINISHED","","20","","entropy","","","","","","","","17","optuna_only","182","","","","","","33","0.95979204018309","","","","","","",""
"2025-12-13 05:15:36","1.2min","85c8946d10c54c7e9a10de0fe6052380","useful-croc-647","LOCAL","src/main.py","francoramirez","FINISHED","1","","0.6285714285714286","","breast_cancer","0.4105670163435935","8.002314651923099","1.7874191668790844","1.7874191668790844","1.0080464981038788","rbf","","","","30","20","455","1.0245074903900662","bc614424","33","0.971211841672762","0.971211841672762","0.20332598686218262","0.971211841672762","1","1","1","1"
"2025-12-13 05:15:30","5.7s","be8b9d2f1a9344bab9a1ecd5a97d22b2","optuna_baseline","LOCAL","src/main.py","francoramirez","FINISHED","","20","","gini","","","","","","","","27","optuna_only","51","","","","","","32","0.9596006460388423","","","","","","",""
"2025-12-13 05:14:15","1.3min","1a84e25efcf24a1ca68fa65fe1f78583","bittersweet-wolf-218","LOCAL","src/main.py","francoramirez","FINISHED","1","","0.6285714285714286","","breast_cancer","0.4105670163435935","8.002314651923099","1.7874191668790844","1.7874191668790844","1.0080464981038788","rbf","","","","30","20","455","1.0245074903900662","b3ea365a","32","0.971211841672762","0.971211841672762","1.1975340843200684","0.9595951225072737","1","1","1","1"
"2025-12-13 05:14:10","5.3s","b32fc2cd231849afaf43e76240f56a35","optuna_baseline","LOCAL","src/main.py","francoramirez","FINISHED","","20","","entropy","","","","","","","","11","optuna_only","92","","","","","","31","0.9619273209791132","","","","","","",""
"2025-12-13 05:13:00","1.2min","2ed290f642514468ac3c20d598f8ce84","adorable-lark-115","LOCAL","src/main.py","francoramirez","FINISHED","1","","0.6285714285714286","","breast_cancer","0.4105670163435935","8.002314651923099","1.7874191668790844","1.7874191668790844","1.0080464981038788","rbf","","","","30","20","455","1.0245074903900662","a96c6604","31","0.971211841672762","0.971211841672762","0.20095109939575195","0.971211841672762","1","1","1","1"
"2025-12-13 05:12:54","5.9s","63c7c6b28e4640ce8ed31ca1b3ad0da3","optuna_baseline","LOCAL","src/main.py","francoramirez","FINISHED","","20","","entropy","","","","","","","","27","optuna_only","156","","","","","","30","0.9594323163126598","","","","","","",""
"2025-12-13 05:11:40","1.2min","62b3c4aa270b4636ad9ecd459945e807","worried-auk-636","LOCAL","src/main.py","francoramirez","FINISHED","1","","0.6285714285714286","","breast_cancer","0.4105670163435935","8.002314651923099","1.7874191668790844","1.7874191668790844","1.0080464981038788","rbf","","","","30","20","455","1.0245074903900662","c9d1680a","30","0.971211841672762","0.971211841672762","0.2025759220123291","0.971211841672762","1","1","1","1"
"2025-12-13 04:40:58","5.7s","ae872ced80dc413585108092afda9317","optuna_baseline","LOCAL","src/main.py","francoramirez","FINISHED","","20","","entropy","","","","","","","","11","optuna_only","144","","","","","","29","0.9619273209791132","","","","","","",""
"2025-12-13 04:39:45","1.2min","d5b42952d57046d9943cd3dca95fd4aa","treasured-boar-354","LOCAL","src/main.py","francoramirez","FINISHED","1","","0.6285714285714286","","breast_cancer","0.4105670163435935","8.002314651923099","1.7874191668790844","1.7874191668790844","1.0080464981038788","rbf","","","","30","20","455","1.0245074903900662","7238b969","29","0.971211841672762","0.971211841672762","2.2879722118377686","0.9572988680059674","1","1","1","1"
"2025-12-13 04:39:39","6.4s","738f38dab1b04cd8b14ef7b5c6564cc6","optuna_baseline","LOCAL","src/main.py","francoramirez","FINISHED","","20","","entropy","","","","","","","","24","optuna_only","152","","","","","","28","0.9619768137957942","","","","","","",""
"2025-12-13 04:38:25","1.2min","b141972713434623b9c247ab1dbbc95d","capable-skunk-133","LOCAL","src/main.py","francoramirez","FINISHED","1","","0.6285714285714286","","breast_cancer","0.4105670163435935","8.002314651923099","1.7874191668790844","1.7874191668790844","1.0080464981038788","rbf","","","","30","20","455","1.0245074903900662","9f6c5642","28","0.971211841672762","0.971211841672762","0.8034391403198242","0.971211841672762","1","1","1","1"
"2025-12-13 04:38:19","6.0s","0de0ccc78f264aab9a0a6ff0b9f5aad7","optuna_baseline","LOCAL","src/main.py","francoramirez","FINISHED","","20","","entropy","","","","","","","","13","optuna_only","194","","","","","","27","0.9573043697808735","","","","","","",""
"2025-12-13 04:37:08","1.2min","02880f27c92c4442aedfcf11dce1f48b","sedate-sheep-283","LOCAL","src/main.py","francoramirez","FINISHED","1","","0.6285714285714286","","breast_cancer","0.4105670163435935","8.002314651923099","1.7874191668790844","1.7874191668790844","1.0080464981038788","rbf","","","","30","20","455","1.0245074903900662","b44fc1c3","27","0.971211841672762","0.971211841672762","0.20388102531433105","0.971211841672762","1","1","1","1"
"2025-12-13 04:37:03","5.4s","b751eb16aa90492ab5bddbe9c5d79d83","optuna_baseline","LOCAL","src/main.py","francoramirez","FINISHED","","20","","entropy","","","","","","","","14","optuna_only","53","","","","","","26","0.954889501661182","","","","","","",""
"2025-12-13 04:35:50","1.2min","7bab56b3b5a24fe0849d4ca26f75e6ac","exultant-roo-210","LOCAL","src/main.py","francoramirez","FINISHED","1","","0.6285714285714286","","breast_cancer","0.4105670163435935","8.002314651923099","1.7874191668790844","1.7874191668790844","1.0080464981038788","rbf","","","","30","20","455","1.0245074903900662","f4860cc9","26","0.971211841672762","0.971211841672762","1.817406177520752","0.9572532827071284","1","1","1","1"
"2025-12-13 04:35:45","4.9s","e7995d4b742141eabcd600ff16120247","optuna_baseline","LOCAL","src/main.py","francoramirez","FINISHED","","20","","entropy","","","","","","","","28","optuna_only","68","","","","","","25","0.9620653848302877","","","","","","",""
"2025-12-13 04:34:34","1.2min","90a5ba27d9f644998f86ab52e1011ccf","omniscient-smelt-949","LOCAL","src/main.py","francoramirez","FINISHED","1","","0.6285714285714286","","breast_cancer","0.4105670163435935","8.002314651923099","1.7874191668790844","1.7874191668790844","1.0080464981038788","rbf","","","","30","20","455","1.0245074903900662","5150b4cc","25","0.971211841672762","0.971211841672762","2.5634498596191406","0.9621686376790147","1","1","1","1"
"2025-12-13 04:34:29","5.5s","eb45d0bfdbce4ec69b9b0860f1ff1104","optuna_baseline","LOCAL","src/main.py","francoramirez","FINISHED","","20","","entropy","","","","","","","","16","optuna_only","82","","","","","","24","0.9620914698060687","","","","","","",""
"2025-12-13 04:33:15","1.2min","7e90e2ee2669427ca694e7958d8579bb","overjoyed-steed-596","LOCAL","src/main.py","francoramirez","FINISHED","1","","0.6285714285714286","","breast_cancer","0.4105670163435935","8.002314651923099","1.7874191668790844","1.7874191668790844","1.0080464981038788","rbf","","","","30","20","455","1.0245074903900662","248933ef","24","0.971211841672762","0.971211841672762","0.7594518661499023","0.971211841672762","1","1","1","1"
"2025-12-13 04:33:09","5.8s","3f54e135985b4aea9d51248c6a1d06dc","optuna_baseline","LOCAL","src/main.py","francoramirez","FINISHED","","20","","entropy","","","","","","","","8","optuna_only","77","","","","","","23","0.9572532827071284","","","","","","",""
"2025-12-13 04:31:55","1.2min","3b724a4a035b44b98385ee600f29d136","judicious-turtle-849","LOCAL","src/main.py","francoramirez","FINISHED","1","","0.6285714285714286","","breast_cancer","0.4105670163435935","8.002314651923099","1.7874191668790844","1.7874191668790844","1.0080464981038788","rbf","","","","30","20","455","1.0245074903900662","e4313c9a","23","0.971211841672762","0.971211841672762","0.20269012451171875","0.971211841672762","1","1","1","1"
"2025-12-13 04:31:50","4.7s","8850253b207842939ad9959101dda038","optuna_baseline","LOCAL","src/main.py","francoramirez","FINISHED","","20","","entropy","","","","","","","","14","optuna_only","53","","","","","","22","0.9668024977574626","","","","","","",""
"2025-12-13 04:30:36","1.2min","53b6241afbef4a2396c63ed38d692335","classy-eel-24","LOCAL","src/main.py","francoramirez","FINISHED","1","","0.6285714285714286","","breast_cancer","0.4105670163435935","8.002314651923099","1.7874191668790844","1.7874191668790844","1.0080464981038788","rbf","","","","30","20","455","1.0245074903900662","22ab454e","22","0.971211841672762","0.971211841672762","0.2044389247894287","0.971211841672762","1","1","1","1"
"2025-12-13 04:30:31","5.1s","97ed95a830f445d793e466378604dd7c","optuna_baseline","LOCAL","src/main.py","francoramirez","FINISHED","","20","","entropy","","","","","","","","20","optuna_only","96","","","","","","21","0.9597479971876398","","","","","","",""
"2025-12-13 04:29:17","1.2min","074e161aaa814ea2ae86cebd6c868da9","dashing-horse-706","LOCAL","src/main.py","francoramirez","FINISHED","1","","0.6285714285714286","","breast_cancer","0.4105670163435935","8.002314651923099","1.7874191668790844","1.7874191668790844","1.0080464981038788","rbf","","","","30","20","455","1.0245074903900662","5d98e7e4","21","0.971211841672762","0.971211841672762","2.218768835067749","0.9621214652780591","1","1","1","1"
"2025-12-13 04:29:12","5.1s","8afd44a18d0b4de0b2064f1309a14398","optuna_baseline","LOCAL","src/main.py","francoramirez","FINISHED","","20","","gini","","","","","","","","19","optuna_only","50","","","","","","20","0.9572493488572346","","","","","","",""
"2025-12-13 04:27:59","1.2min","edcc609ee40c4d62886c6604b085b119","colorful-fawn-690","LOCAL","src/main.py","francoramirez","FINISHED","1","","0.6285714285714286","","breast_cancer","0.4105670163435935","8.002314651923099","1.7874191668790844","1.7874191668790844","1.0080464981038788","rbf","","","","30","20","455","1.0245074903900662","e06b4b77","20","0.971211841672762","0.971211841672762","2.629240036010742","0.9550998392192197","1","1","1","1"
"2025-12-13 04:27:35","5.8s","9ef8eb20083749ffa5cc32c25c7d08de","optuna_baseline","LOCAL","src/main.py","francoramirez","FINISHED","","20","","gini","","","","","","","","26","optuna_only","162","","","","","","19","0.959581547329074","","","","","","",""
"2025-12-13 04:26:20","1.2min","af75e0d80a3945ef804f38ec59035f4a","angry-snake-916","LOCAL","src/main.py","francoramirez","FINISHED","","","0.6285714285714286","entropy","breast_cancer","0.4105670163435935","8.002314651923099","1.7874191668790844","1.7874191668790844","1.0080464981038788","","20","","200","30","20","455","1.0245074903900662","0af0c723","19","0.9763624800825129","0.9763624800825129","2.5527288913726807","0.9598403730570692","1","1","1","1"
"2025-12-13 04:26:14","5.9s","2464029f2b6044df81b52da6b657459a","optuna_baseline","LOCAL","src/main.py","francoramirez","FINISHED","","20","","gini","","","","","","","","10","optuna_only","133","","","","","","18","0.9619273209791132","","","","","","",""
"2025-12-13 04:25:00","1.2min","4765816d852c44f4b76a49956b0a372a","dazzling-cod-677","LOCAL","src/main.py","francoramirez","FINISHED","1","","0.6285714285714286","","breast_cancer","0.4105670163435935","8.002314651923099","1.7874191668790844","1.7874191668790844","1.0080464981038788","rbf","","","","30","20","455","1.0245074903900662","dbcec74a","18","0.971211841672762","0.971211841672762","2.398954153060913","0.9575093608599835","1","1","1","1"
"2025-12-13 04:24:54","6.4s","79c996d6a91a4deabd2e988889387bdc","optuna_baseline","LOCAL","src/main.py","francoramirez","FINISHED","","20","","entropy","","","","","","","","6","optuna_only","153","","","","","","17","0.9644681272689709","","","","","","",""
"2025-12-13 04:23:41","1.2min","01040867ca524202b67246975538f864","stately-horse-826","LOCAL","src/main.py","francoramirez","FINISHED","1","","0.6285714285714286","","breast_cancer","0.4105670163435935","8.002314651923099","1.7874191668790844","1.7874191668790844","1.0080464981038788","rbf","","","","30","20","455","1.0245074903900662","2d387547","17","0.971211841672762","0.971211841672762","0.20310020446777344","0.971211841672762","1","1","1","1"
"2025-12-13 04:23:35","5.1s","35e7116460bd4391909b4ff3c02eebf0","optuna_baseline","LOCAL","src/main.py","francoramirez","FINISHED","","20","","gini","","","","","","","","18","optuna_only","108","","","","","","16","0.9573913465583029","","","","","","",""
"2025-12-13 04:22:17","1.3min","a11aac2f7ad34cefb477b2d0be1f2c1b","nebulous-lark-492","LOCAL","src/main.py","francoramirez","FINISHED","1","","0.6285714285714286","","breast_cancer","0.4105670163435935","8.002314651923099","1.7874191668790844","1.7874191668790844","1.0080464981038788","rbf","","","","30","20","455","1.0245074903900662","f810a4e9","16","0.971211841672762","0.971211841672762","2.1424269676208496","0.9597196111802485","1","1","1","1"
"2025-12-13 04:22:12","4.8s","c3f9e8c604f5442caa5630a1e8c753cb","optuna_baseline","LOCAL","src/main.py","francoramirez","FINISHED","","20","","entropy","","","","","","","","20","optuna_only","77","","","","","","15","0.9574642263210107","","","","","","",""
"2025-12-13 04:20:56","1.3min","521a4aa588e14078800b40298e97f05f","flawless-ape-533","LOCAL","src/main.py","francoramirez","FINISHED","1","","0.6285714285714286","","breast_cancer","0.4105670163435935","8.002314651923099","1.7874191668790844","1.7874191668790844","1.0080464981038788","rbf","","","","30","20","455","1.0245074903900662","573333f8","15","0.971211841672762","0.971211841672762","2.532560110092163","0.9571026544722038","1","1","1","1"
"2025-12-13 04:20:50","6.1s","d4d1ad87e3594d9c97a13fbe1bec746f","optuna_baseline","LOCAL","src/main.py","francoramirez","FINISHED","","20","","entropy","","","","","","","","14","optuna_only","180","","","","","","14","0.9645144113290539","","","","","","",""
"2025-12-13 04:19:37","1.2min","ba9219a411f54878969bd8aba6c6ea8f","calm-pug-719","LOCAL","src/main.py","francoramirez","FINISHED","","","0.6285714285714286","entropy","breast_cancer","0.4105670163435935","8.002314651923099","1.7874191668790844","1.7874191668790844","1.0080464981038788","","None","","50","30","20","455","1.0245074903900662","e4ec0bf0","14","0.9755794292253773","0.9755794292253773","0.2062368392944336","0.971211841672762","1","1","1","1"
"2025-12-13 04:19:32","4.8s","167a41a928f54706a4f8cf5a34d0d9cf","optuna_baseline","LOCAL","src/main.py","francoramirez","FINISHED","","20","","entropy","","","","","","","","27","optuna_only","58","","","","","","13","0.9646305610791425","","","","","","",""
"2025-12-13 04:18:15","1.3min","eec7d5e803e44a94a6bf4eb597dcce44","illustrious-fly-701","LOCAL","src/main.py","francoramirez","FINISHED","1","","0.6285714285714286","","breast_cancer","0.4105670163435935","8.002314651923099","1.7874191668790844","1.7874191668790844","1.0080464981038788","rbf","","","","30","20","455","1.0245074903900662","8ed74b56","13","0.971211841672762","0.971211841672762","0.7668290138244629","0.971211841672762","1","1","1","1"
"2025-12-13 04:18:09","5.8s","00753e9d85e14dd89ea28714746ff6e2","optuna_baseline","LOCAL","src/main.py","francoramirez","FINISHED","","20","","gini","","","","","","","","14","optuna_only","127","","","","","","12","0.9571983629206072","","","","","","",""
"2025-12-13 04:16:57","1.2min","96a2306c45f748968426283cb7744ddc","selective-finch-673","LOCAL","src/main.py","francoramirez","FINISHED","1","","0.6285714285714286","","breast_cancer","0.4105670163435935","8.002314651923099","1.7874191668790844","1.7874191668790844","1.0080464981038788","rbf","","","","30","20","455","1.0245074903900662","caa73d08","12","0.971211841672762","0.971211841672762","2.3282628059387207","0.9545941121918625","1","1","1","1"
"2025-12-13 04:16:51","5.9s","fea4a74b430f41278cca1ed44e522911","optuna_baseline","LOCAL","src/main.py","francoramirez","FINISHED","","20","","entropy","","","","","","","","17","optuna_only","58","","","","","","11","0.9645144113290539","","","","","","",""
"2025-12-13 04:15:38","1.2min","dd41831da579460190b9b03acc0077bf","resilient-swan-573","LOCAL","src/main.py","francoramirez","FINISHED","1","","0.6285714285714286","","breast_cancer","0.4105670163435935","8.002314651923099","1.7874191668790844","1.7874191668790844","1.0080464981038788","rbf","","","","30","20","455","1.0245074903900662","af92b924","11","0.971211841672762","0.971211841672762","0.2033519744873047","0.971211841672762","1","1","1","1"
"2025-12-13 04:15:32","5.6s","9418c1b14a074684a5f9258c8ab29f0e","optuna_baseline","LOCAL","src/main.py","francoramirez","FINISHED","","20","","gini","","","","","","","","16","optuna_only","115","","","","","","10","0.9573124431841672","","","","","","",""
"2025-12-13 04:14:18","1.2min","dfb85d6ad4ea4a3a99b9f0dc059daeb2","useful-bass-439","LOCAL","src/main.py","francoramirez","FINISHED","1","","0.6285714285714286","","breast_cancer","0.4105670163435935","8.002314651923099","1.7874191668790844","1.7874191668790844","1.0080464981038788","rbf","","","","30","20","455","1.0245074903900662","673d0400","10","0.971211841672762","0.971211841672762","0.20360493659973145","0.971211841672762","1","1","1","1"
"2025-12-13 04:04:07","6.4s","fc84da4b38e44202a9b31e9e37e2a256","optuna_baseline","LOCAL","src/main.py","francoramirez","FINISHED","","20","","gini","","","","","","","","5","optuna_only","151","","","","","","9","0.9499602063573113","","","","","","",""
"2025-12-13 04:02:52","1.2min","c90e581a4d6b4095ada6cb1d46b348d7","salty-pug-382","LOCAL","src/main.py","francoramirez","FINISHED","1","","0.6285714285714286","","breast_cancer","0.4105670163435935","8.002314651923099","1.7874191668790844","1.7874191668790844","1.0080464981038788","rbf","","","","30","20","455","1.0245074903900662","88ff4d58","9","0.971211841672762","0.971211841672762","2.313910961151123","0.9573495703107362","1","1","1","1"
"2025-12-13 04:02:47","5.4s","cd53ea98b993432b81f5dec6f28d4f7a","optuna_baseline","LOCAL","src/main.py","francoramirez","FINISHED","","20","","gini","","","","","","","","17","optuna_only","128","","","","","","8","0.9571026544722038","","","","","","",""
"2025-12-13 04:01:33","1.2min","90ab04ba1b9f4990996c6ca50fcd3d53","gentle-grub-985","LOCAL","src/main.py","francoramirez","FINISHED","1","","0.6285714285714286","","breast_cancer","0.4105670163435935","8.002314651923099","1.7874191668790844","1.7874191668790844","1.0080464981038788","rbf","","","","30","20","455","1.0245074903900662","f4909813","8","0.971211841672762","0.971211841672762","0.20113205909729004","0.971211841672762","1","1","1","1"
"2025-12-13 04:01:28","4.7s","9b978a27faea4606abbd980cf9ce527f","optuna_baseline","LOCAL","src/main.py","francoramirez","FINISHED","","20","","entropy","","","","","","","","23","optuna_only","53","","","","","","7","0.9643997553187793","","","","","","",""
"2025-12-13 04:00:15","1.2min","cfa28491b0064f6795fd01485c66edd0","luxuriant-yak-154","LOCAL","src/main.py","francoramirez","FINISHED","","","0.6285714285714286","entropy","breast_cancer","0.4105670163435935","8.002314651923099","1.7874191668790844","1.7874191668790844","1.0080464981038788","","None","","200","30","20","455","1.0245074903900662","dac6c649","7","0.9748241844701326","0.9748241844701326","0.2008359432220459","0.971211841672762","1","1","1","1"
"2025-12-13 04:00:10","5.0s","7c2fc9e4611b40baac5d160b3efe884f","optuna_baseline","LOCAL","src/main.py","francoramirez","FINISHED","","20","","gini","","","","","","","","25","optuna_only","52","","","","","","6","0.9645679251994693","","","","","","",""
"2025-12-13 03:58:59","1.2min","5172b38164464824a89906cca4470176","useful-squirrel-82","LOCAL","src/main.py","francoramirez","FINISHED","1","","0.6285714285714286","","breast_cancer","0.4105670163435935","8.002314651923099","1.7874191668790844","1.7874191668790844","1.0080464981038788","rbf","","","","30","20","455","1.0245074903900662","1b7e46f5","6","0.971211841672762","0.971211841672762","1.8701229095458984","0.9573124431841672","1","1","1","1"
"2025-12-13 03:58:54","4.9s","fe0909d6be5e4194a8c0712f93f4b94e","optuna_baseline","LOCAL","src/main.py","francoramirez","FINISHED","","20","","entropy","","","","","","","","8","optuna_only","99","","","","","","5","0.9596424433073025","","","","","","",""
"2025-12-13 03:57:42","1.2min","2c7c764fecae4de99b78712389b2d24d","honorable-skink-367","LOCAL","src/main.py","francoramirez","FINISHED","1","","0.6285714285714286","","breast_cancer","0.4105670163435935","8.002314651923099","1.7874191668790844","1.7874191668790844","1.0080464981038788","rbf","","","","30","20","455","1.0245074903900662","51b4a539","5","0.971211841672762","0.971211841672762","2.529463052749634","0.9547281005975932","1","1","1","1"
"2025-12-13 03:57:37","4.7s","3680cd95e2b84f3aa7c03029b3d79bcd","optuna_baseline","LOCAL","src/main.py","francoramirez","FINISHED","","20","","entropy","","","","","","","","24","optuna_only","59","","","","","","4","0.962117075995673","","","","","","",""
"2025-12-13 03:56:25","1.2min","811549ce568b48a5af47d6887e39a44f","glamorous-foal-105","LOCAL","src/main.py","francoramirez","FINISHED","1","","0.6285714285714286","","breast_cancer","0.4105670163435935","8.002314651923099","1.7874191668790844","1.7874191668790844","1.0080464981038788","rbf","","","","30","20","455","1.0245074903900662","7e8f0a80","4","0.971211841672762","0.971211841672762","0.20109295845031738","0.971211841672762","1","1","1","1"
"2025-12-13 03:56:20","4.8s","ed694c149d4c48fb81ec837f50156a1a","optuna_baseline","LOCAL","src/main.py","francoramirez","FINISHED","","20","","gini","","","","","","","","23","optuna_only","92","","","","","","3","0.9596424433073025","","","","","","",""
"2025-12-13 03:55:06","1.2min","7504636e87f7440daa439ad7d444acd9","charming-grub-937","LOCAL","src/main.py","francoramirez","FINISHED","1","","0.6285714285714286","","breast_cancer","0.4105670163435935","8.002314651923099","1.7874191668790844","1.7874191668790844","1.0080464981038788","rbf","","","","30","20","455","1.0245074903900662","bc9ac962","3","0.971211841672762","0.971211841672762","2.4215760231018066","0.9598040776354111","1","1","1","1"
"2025-12-13 03:55:00","6.0s","4c2caaf8da2742af9488f0bc3b84ba4f","optuna_baseline","LOCAL","src/main.py","francoramirez","FINISHED","","20","","entropy","","","","","","","","13","optuna_only","113","","","","","","2","0.9596424433073025","","","","","","",""
"2025-12-13 03:53:48","1.2min","3de08c1a74b046f6bb51322b2f83fbbe","bald-calf-86","LOCAL","src/main.py","francoramirez","FINISHED","1","","0.6285714285714286","","breast_cancer","0.4105670163435935","8.002314651923099","1.7874191668790844","1.7874191668790844","1.0080464981038788","rbf","","","","30","20","455","1.0245074903900662","25a7210f","2","0.971211841672762","0.971211841672762","0.20106816291809082","0.971211841672762","1","1","1","1"
"2025-12-13 03:53:41","6.7s","243a4d3e5c494ccab86e9faf6e192854","optuna_baseline","LOCAL","src/main.py","francoramirez","FINISHED","","20","","entropy","","","","","","","","30","optuna_only","170","","","","","","1","0.9595327334090987","","","","","","",""
"2025-12-13 03:52:26","1.3min","d47f12c3528d4cd193030718c98008b6","chill-owl-867","LOCAL","src/main.py","francoramirez","FINISHED","","","0.6285714285714286","entropy","breast_cancer","0.4105670163435935","8.002314651923099","1.7874191668790844","1.7874191668790844","1.0080464981038788","","5","","200","30","20","455","1.0245074903900662","72f239ab","1","0.9763624800825129","0.9763624800825129","1.8905751705169678","0.9621949407995048","1","1","1","1"
"2025-12-13 03:52:20","5.3s","57602e1fd77b48d695d853ed6c13c024","optuna_baseline","LOCAL","src/main.py","francoramirez","FINISHED","","20","","gini","","","","","","","","10","optuna_only","90","","","","","","0","0.954966669534128","","","","","","",""
"2025-12-13 03:51:05","1.3min","08b75a858fb54316a8df60a43c01dc6f","overjoyed-slug-911","LOCAL","src/main.py","francoramirez","FINISHED","1","","0.6285714285714286","","breast_cancer","0.4105670163435935","8.002314651923099","1.7874191668790844","1.7874191668790844","1.0080464981038788","rbf","","","","30","20","455","1.0245074903900662","dcafc1a7","0","0.971211841672762","0.971211841672762","2.6375551223754883","0.9572685497971873","1","1","1","1"
"2025-12-13 03:47:33","3.7s","b42bd70d6e994d59bc08de635a7c8234","optuna_baseline","LOCAL","src/main.py","francoramirez","FINISHED","","20","","entropy","","","","","","","","29","optuna_only","73","","","","","","39","0.9501974341821086","","","","","","",""
"2025-12-13 03:46:54","38.8s","38ad3fea03e0452ebd04fc154a257215","flawless-fawn-394","LOCAL","src/main.py","francoramirez","FINISHED","0.1","","0.3416666666666667","","iris","0.6918444411071927","'-0.7708447244192691","0.06878883473108087","0.06878883473108087","1.0045738465668368","linear","","","","4","20","120","nan","668e137d","39","0.966680950665625","0.966680950665625","0.35465312004089355","0.9584731091244502","1","1","1","1"
"2025-12-13 03:46:49","4.4s","48e86087c8fc4e66b0db7350040c6e14","optuna_baseline","LOCAL","src/main.py","francoramirez","FINISHED","","20","","entropy","","","","","","","","27","optuna_only","195","","","","","","38","0.9498311338158082","","","","","","",""
"2025-12-13 03:46:12","37.8s","722c67fc41d044fb825ec38beea96b99","bustling-bird-375","LOCAL","src/main.py","francoramirez","FINISHED","0.1","","0.3416666666666667","","iris","0.6918444411071927","'-0.7708447244192691","0.06878883473108087","0.06878883473108087","1.0045738465668368","linear","","","","4","20","120","nan","2320e460","38","0.966680950665625","0.966680950665625","0.08461380004882812","0.9664335664335664","1","1","1","1"
"2025-12-13 03:46:08","3.4s","66114b2641764333b1e393b16c1f957f","optuna_baseline","LOCAL","src/main.py","francoramirez","FINISHED","","20","","gini","","","","","","","","24","optuna_only","92","","","","","","37","0.9583368809422449","","","","","","",""
"2025-12-13 03:45:32","36.4s","3e5ddef4ac6843c88a18d077e67281d5","wise-calf-957","LOCAL","src/main.py","francoramirez","FINISHED","0.09612467606517607","","0.3416666666666667","","iris","0.6918444411071927","'-0.7708447244192691","0.06878883473108087","0.06878883473108087","1.0045738465668368","linear","","","","4","20","120","nan","d9568bb6","37","0.9749340144742443","0.9749340144742443","0.08214092254638672","0.9664335664335664","1","1","1","1"
"2025-12-13 03:45:27","4.3s","29d2ec81ec1f47c0ab5802b49ae89477","optuna_baseline","LOCAL","src/main.py","francoramirez","FINISHED","","20","","gini","","","","","","","","20","optuna_only","160","","","","","","36","0.9583368809422449","","","","","","",""
"2025-12-13 03:44:50","37.4s","76f2b57a66a24c5eb5eef63005baf58d","magnificent-bee-21","LOCAL","src/main.py","francoramirez","FINISHED","0.1","","0.3416666666666667","","iris","0.6918444411071927","'-0.7708447244192691","0.06878883473108087","0.06878883473108087","1.0045738465668368","linear","","","","4","20","120","nan","c4a69abe","36","0.966680950665625","0.966680950665625","0.08217191696166992","0.9664335664335664","1","1","1","1"
"2025-12-13 03:44:46","3.8s","039bdb823cb4435eafe18270a09d888b","optuna_baseline","LOCAL","src/main.py","francoramirez","FINISHED","","20","","entropy","","","","","","","","13","optuna_only","119","","","","","","35","0.9583368809422449","","","","","","",""
"2025-12-13 03:44:09","37.3s","b1189a1a519f467c86140bc302f92b1b","treasured-gnat-768","LOCAL","src/main.py","francoramirez","FINISHED","0.1","","0.3416666666666667","","iris","0.6918444411071927","'-0.7708447244192691","0.06878883473108087","0.06878883473108087","1.0045738465668368","linear","","","","4","20","120","nan","9de80580","35","0.966680950665625","0.966680950665625","0.08156108856201172","0.9664335664335664","1","1","1","1"
"2025-12-13 03:44:05","4.3s","4eeadc1c81c8456aaf8f892483fc639b","optuna_baseline","LOCAL","src/main.py","francoramirez","FINISHED","","20","","gini","","","","","","","","11","optuna_only","198","","","","","","34","0.9583368809422449","","","","","","",""
"2025-12-13 03:43:29","35.8s","3a6e6c4c96c14dd294864cf11f740390","stylish-goose-599","LOCAL","src/main.py","francoramirez","FINISHED","0.1","","0.3416666666666667","","iris","0.6918444411071927","'-0.7708447244192691","0.06878883473108087","0.06878883473108087","1.0045738465668368","linear","","","","4","20","120","nan","acedc7c9","34","0.966680950665625","0.966680950665625","0.08212399482727051","0.9664335664335664","1","1","1","1"
"2025-12-13 03:43:24","4.4s","52856341b7ea44ef972f2e872287a770","optuna_baseline","LOCAL","src/main.py","francoramirez","FINISHED","","20","","entropy","","","","","","","","9","optuna_only","181","","","","","","33","0.9497007845283708","","","","","","",""
"2025-12-13 03:42:48","36.9s","23488a05d98b40378d5b7448657eb8b7","useful-croc-647","LOCAL","src/main.py","francoramirez","FINISHED","0.09678285388783896","","0.3416666666666667","","iris","0.6918444411071927","'-0.7708447244192691","0.06878883473108087","0.06878883473108087","1.0045738465668368","linear","","","","4","20","120","nan","4e0ffa2e","33","0.9749340144742443","0.9749340144742443","0.09516310691833496","0.9664335664335664","1","1","1","1"
"2025-12-13 03:42:44","3.3s","0b40313fea9d47bbb26631dd2509021a","optuna_baseline","LOCAL","src/main.py","francoramirez","FINISHED","","20","","entropy","","","","","","","","26","optuna_only","74","","","","","","32","0.9583368809422449","","","","","","",""
"2025-12-13 03:42:05","38.8s","dc6abe656cbe4a908e325af1fb391491","bittersweet-wolf-218","LOCAL","src/main.py","francoramirez","FINISHED","0.1","","0.3416666666666667","","iris","0.6918444411071927","'-0.7708447244192691","0.06878883473108087","0.06878883473108087","1.0045738465668368","linear","","","","4","20","120","nan","01f7a854","32","0.966680950665625","0.966680950665625","0.052622079849243164","0.966680950665625","1","1","1","1"
"2025-12-13 03:42:02","3.0s","89c695be440c457d9a3bddcd69a967c7","optuna_baseline","LOCAL","src/main.py","francoramirez","FINISHED","","20","","gini","","","","","","","","8","optuna_only","81","","","","","","31","0.966896551724138","","","","","","",""
"2025-12-13 03:41:25","37.6s","ff7fe5a8e7484010baf6322b03d0f1cc","adorable-lark-115","LOCAL","src/main.py","francoramirez","FINISHED","0.1","","0.3416666666666667","","iris","0.6918444411071927","'-0.7708447244192691","0.06878883473108087","0.06878883473108087","1.0045738465668368","linear","","","","4","20","120","nan","86208c69","31","0.966680950665625","0.966680950665625","0.3663802146911621","0.966680950665625","1","1","1","1"
"2025-12-13 03:41:22","3.3s","fb513950887f472a9642864df21df21a","optuna_baseline","LOCAL","src/main.py","francoramirez","FINISHED","","20","","entropy","","","","","","","","30","optuna_only","79","","","","","","30","0.9583368809422449","","","","","","",""
"2025-12-13 03:40:44","37.5s","8cd0e3bb717749bea47e031513a05e99","worried-auk-636","LOCAL","src/main.py","francoramirez","FINISHED","0.1","","0.3416666666666667","","iris","0.6918444411071927","'-0.7708447244192691","0.06878883473108087","0.06878883473108087","1.0045738465668368","linear","","","","4","20","120","nan","09da6db5","30","0.966680950665625","0.966680950665625","0.05045485496520996","0.966680950665625","1","1","1","1"
